/* File automatically generated by incbin */
#include "incbin.h"

#ifdef __cplusplus
extern "C" {
#endif

/* INCBIN(OptionsMenu, "patches/optionsmenu.bps"); */
INCBIN_CONST INCBIN_ALIGN unsigned char gOptionsMenuData[] = {
    0x42, 0x50, 0x53, 0x31, 0x77, 0xF2, 0x77, 0xF2, 0x80, 0x34, 0x9C, 0xC6, 
    0x62, 0xB2, 0x3C, 0x2C, 0x81, 0xC2, 0x70, 0x07, 0x80, 0xAE, 0x6A, 0xA8, 
    0xC6, 0x57, 0xB0, 0xA6, 0x2E, 0x96, 0x06, 0x80, 0x1F, 0x8A, 0xAA, 0x31, 
    0x9B, 0xAA, 0x2A, 0x81, 0xCA, 0x32, 0x88, 0xCA, 0x72, 0x80, 0xAE, 0x56, 
    0x99, 0xE2, 0x5D, 0x97, 0xAE, 0x6F, 0x82, 0x0A, 0x80, 0x3A, 0x81, 0xCA, 
    0xED, 0xDA, 0x7A, 0xAD, 0xDA, 0x11, 0xA6, 0x02, 0x80, 0x63, 0x83, 0xCA, 
    0x62, 0x93, 0xD6, 0x1C, 0x8B, 0xEA, 0x1D, 0x93, 0xC6, 0x4D, 0x80, 0xF6, 
    0x6E, 0x80, 0xEA, 0x6A, 0x97, 0xFA, 0x41, 0x97, 0xDA, 0x6F, 0x86, 0xBE, 
    0x07, 0x82, 0xC6, 0x10, 0x9D, 0xC6, 0x11, 0x80, 0xCE, 0x57, 0x81, 0xC2, 
    0x01, 0x86, 0x06, 0x80, 0x5B, 0x9B, 0xC2, 0x79, 0x8D, 0xC2, 0x7A, 0x90, 
    0xB6, 0x79, 0x90, 0xFE, 0x6C, 0xA5, 0xEA, 0x1F, 0xAA, 0xEE, 0x68, 0x83, 
    0xA6, 0x1A, 0xA3, 0xDE, 0x2F, 0xA8, 0x9A, 0x46, 0x82, 0x9A, 0x19, 0x84, 
    0xBA, 0x22, 0x83, 0xC6, 0x56, 0x83, 0xC2, 0x38, 0x95, 0x9A, 0x28, 0x87, 
    0x06, 0x80, 0x57, 0xA5, 0xC6, 0x34, 0xA5, 0xEA, 0x62, 0x92, 0xD6, 0x4F, 
    0x84, 0xEE, 0x21, 0x85, 0xC2, 0x3B, 0xAD, 0xEE, 0x64, 0xAB, 0x9A, 0x73, 
    0x9C, 0x9A, 0x54, 0x95, 0x9A, 0xB6, 0xA6, 0x7A, 0x90, 0xCA, 0x2D, 0x87, 
    0xBA, 0x28, 0x8B, 0xCE, 0x75, 0xB8, 0xCA, 0x68, 0xA0, 0xBA, 0x13, 0x9D, 
    0xA2, 0x46, 0xB4, 0xC2, 0x6B, 0x99, 0xEA, 0x7F, 0x8B, 0xAE, 0x1A, 0x88, 
    0xEE, 0x25, 0x85, 0x02, 0x80, 0x32, 0x9F, 0xC2, 0x03, 0xB2, 0xDA, 0x1C, 
    0x86, 0xDA, 0x61, 0x84, 0xBA, 0x56, 0xAB, 0x9E, 0x29, 0x80, 0x9E, 0x1A, 
    0x84, 0xCE, 0x3D, 0x90, 0x9A, 0x2C, 0x92, 0xA2, 0x29, 0xBC, 0xAA, 0x04, 
    0xAB, 0xDA, 0x7F, 0xA4, 0xC2, 0x1A, 0x9E, 0xC2, 0x07, 0x8A, 0xC2, 0x12, 
    0x85, 0xAE, 0x46, 0x8D, 0xD2, 0x3F, 0x9D, 0xB2, 0x2A, 0x8B, 0xA6, 0x62, 
    0x95, 0xF2, 0x65, 0x80, 0xAA, 0x69, 0x95, 0xF6, 0x26, 0x97, 0xEE, 0x7D, 
    0x99, 0xBE, 0x67, 0x9E, 0xAE, 0x5C, 0x96, 0x06, 0x80, 0x54, 0x91, 0xB2, 
    0x79, 0x8D, 0xE2, 0x07, 0x88, 0xF6, 0x5A, 0x9D, 0xCA, 0xE3, 0xBE, 0x3D, 
    0x85, 0xCA, 0x63, 0xA0, 0xD6, 0xFA, 0xD6, 0x26, 0xAD, 0xD2, 0x6B, 0xB7, 
    0xA6, 0x18, 0xBD, 0x06, 0x80, 0x3B, 0x80, 0xAA, 0x33, 0x92, 0xEA, 0x69, 
    0xA5, 0xCA, 0x2A, 0xAD, 0x02, 0x80, 0x71, 0x8F, 0xAA, 0x0B, 0x8F, 0xAE, 
    0x57, 0x94, 0xC2, 0x02, 0x9A, 0xC6, 0x7D, 0x92, 0xF6, 0x7A, 0x88, 0xB2, 
    0x06, 0xA0, 0xB2, 0xF9, 0xB2, 0x70, 0x82, 0xB6, 0x15, 0xAD, 0xCE, 0x36, 
    0xAC, 0xFA, 0x6B, 0x96, 0xCE, 0x24, 0x94, 0xA6, 0x67, 0x8B, 0xCE, 0x42, 
    0x89, 0xC6, 0x65, 0x92, 0xD2, 0x1A, 0x81, 0xB6, 0x24, 0x95, 0xCE, 0x69, 
    0xAD, 0xD6, 0x13, 0x84, 0xA6, 0x28, 0x9F, 0xD6, 0xA0, 0xD2, 0x4D, 0x80, 
    0xBA, 0x54, 0x8A, 0xD6, 0x0D, 0x95, 0xE6, 0x4C, 0x9A, 0xAA, 0x0D, 0xA3, 
    0xC6, 0x3C, 0xA8, 0xCA, 0xCA, 0xAE, 0x73, 0xBA, 0xCE, 0x02, 0xB1, 0xDE, 
    0x71, 0x90, 0xAA, 0x70, 0x8A, 0xAA, 0x6F, 0x9F, 0xD2, 0x1E, 0xAB, 0x06, 
    0x80, 0x4B, 0xB4, 0x9E, 0x02, 0xA1, 0xC2, 0x2D, 0x89, 0xB2, 0x57, 0x9C, 
    0xA6, 0x08, 0xB0, 0xA6, 0x13, 0x9F, 0xC6, 0x72, 0x9C, 0xB6, 0x10, 0x82, 
    0xAA, 0x2D, 0x82, 0xC2, 0x2F, 0x95, 0xC2, 0x3F, 0x8D, 0xE6, 0x78, 0xA0, 
    0xCE, 0x71, 0x94, 0xE6, 0x3F, 0x8E, 0x1A, 0x80, 0xE6, 0xA6, 0x7E, 0x80, 
    0xC6, 0x4A, 0x98, 0xC2, 0x50, 0x80, 0xCA, 0x07, 0xA6, 0xD6, 0x54, 0x92, 
    0xF6, 0x24, 0xA2, 0xC6, 0x73, 0x91, 0xC2, 0x37, 0xA3, 0xD6, 0x4A, 0xA3, 
    0xDA, 0x49, 0x99, 0xA6, 0x48, 0x87, 0xB6, 0x56, 0x96, 0xF6, 0x73, 0x80, 
    0xCA, 0x35, 0xA8, 0xB2, 0x08, 0x84, 0xDA, 0x2C, 0x94, 0x02, 0x80, 0x38, 
    0x97, 0xE2, 0x39, 0xA3, 0xEE, 0x10, 0x83, 0x8E, 0x2D, 0xD7, 0xAA, 0x14, 
    0xD4, 0xCE, 0x42, 0xA9, 0xC2, 0x1F, 0xB4, 0xCE, 0x62, 0x81, 0xB2, 0x15, 
    0x83, 0xB2, 0x5C, 0x8E, 0xF2, 0x5C, 0xA2, 0xCA, 0x15, 0x95, 0xBE, 0x70, 
    0x85, 0xDE, 0x73, 0x9B, 0xBE, 0x4B, 0x82, 0xD6, 0x4C, 0x9F, 0xE2, 0x63, 
    0x93, 0xD2, 0x54, 0x9E, 0xDA, 0x51, 0x97, 0xE2, 0x45, 0x83, 0xE6, 0x3F, 
    0x88, 0xCA, 0x1E, 0x98, 0xC6, 0x3D, 0x9E, 0xFA, 0x13, 0x81, 0xD2, 0x46, 
    0x9A, 0x0E, 0x80, 0x1F, 0x89, 0xA6, 0x6B, 0x87, 0xDA, 0x51, 0x80, 0xD6, 
    0x10, 0xA8, 0xC6, 0x15, 0x80, 0xCA, 0x51, 0x85, 0xC2, 0x19, 0x90, 0xFA, 
    0x57, 0x8C, 0xDE, 0x7A, 0x8F, 0xCA, 0x66, 0x80, 0xEE, 0x7E, 0x8D, 0x0A, 
    0x80, 0x5B, 0xB5, 0xDA, 0x0F, 0x81, 0xC6, 0x16, 0xB2, 0xAE, 0x05, 0xB2, 
    0xAE, 0x15, 0x80, 0xB6, 0x60, 0x8D, 0xC2, 0x5E, 0x86, 0xDE, 0x1C, 0x93, 
    0xF6, 0x6D, 0x97, 0xBA, 0x3E, 0x8F, 0xBA, 0x5B, 0x83, 0x81, 0x00, 0xCA, 
    0x28, 0x79, 0x0C, 0x5C, 0xB6, 0x09, 0x0D, 0x97, 0x4D, 0x75, 0x74
};
INCBIN_CONST INCBIN_ALIGN unsigned char *const gOptionsMenuEnd = gOptionsMenuData + sizeof(gOptionsMenuData);
INCBIN_CONST unsigned int gOptionsMenuSize = sizeof(gOptionsMenuData);
/* INCBIN(Levels, "patches/levels.bps"); */
INCBIN_CONST INCBIN_ALIGN unsigned char gLevelsData[] = {
    0x42, 0x50, 0x53, 0x31, 0x4B, 0x4B, 0x82, 0x4B, 0x4B, 0x82, 0x80, 0x7C, 
    0x81, 0x8D, 0x2C, 0x90, 0x7E, 0x0F, 0x50, 0x4E, 0x82, 0xA9, 0x16, 0xBB, 
    0x81, 0x21, 0xF5, 0x07, 0x16, 0x31, 0xE3, 0x09, 0xE4, 0x66, 0x96, 0x32, 
    0x68, 0x80, 0x30, 0x46, 0x89, 0x22, 0xD8, 0x34, 0xCA, 0xB8, 0xEC, 0x74, 
    0x0A, 0x34, 0x57, 0x31, 0x58
};
INCBIN_CONST INCBIN_ALIGN unsigned char *const gLevelsEnd = gLevelsData + sizeof(gLevelsData);
INCBIN_CONST unsigned int gLevelsSize = sizeof(gLevelsData);
/* INCBIN(LevelMenuAP, "patches/levelmenu_ap.bps"); */
INCBIN_CONST INCBIN_ALIGN unsigned char gLevelMenuAPData[] = {
    0x42, 0x50, 0x53, 0x31, 0x53, 0x9A, 0x4C, 0xA2, 0x80, 0x00, 0xC2, 0x39, 
    0x8F, 0x01, 0x23, 0x16, 0x92, 0xFF, 0x9C, 0x8E, 0x02, 0x01, 0x00, 0x00, 
    0x00, 0x25, 0x0E, 0x16, 0x45, 0xAF, 0x55, 0x8E, 0x16, 0x65, 0x14, 0x0B, 
    0x2E, 0x07, 0x16, 0x31, 0xE3, 0x09, 0xE4, 0x0F, 0x01, 0x16, 0x98, 0x56, 
    0x73, 0xE1, 0x16, 0x50, 0x08, 0x2F, 0xE3, 0x16, 0x4E, 0xBD, 0x17, 0x6E, 
    0x07, 0x17, 0x01, 0x00, 0x00, 0x00, 0x01, 0x26, 0x01, 0x16, 0x98, 0x56, 
    0x73, 0xE1, 0x16, 0x50, 0x08, 0x2F, 0xE3, 0x01, 0x28, 0x01, 0x25, 0x0E, 
    0x16, 0x45, 0xAF, 0x55, 0x8E, 0x16, 0x65, 0x14, 0x0B, 0x2E, 0x07, 0x16, 
    0x5A, 0xC3, 0x2B, 0xE0, 0x0F, 0x01, 0x16, 0x98, 0x56, 0x73, 0xE1, 0x16, 
    0x9B, 0x40, 0x50, 0x0E, 0x16, 0x4E, 0xBD, 0x17, 0x6E, 0x07, 0x17, 0x01, 
    0x00, 0x00, 0x00, 0x01, 0x26, 0x01, 0x16, 0x98, 0x56, 0x73, 0xE1, 0x16, 
    0x9B, 0x40, 0x50, 0x0E, 0x01, 0x28, 0x01, 0x25, 0x0E, 0x16, 0x45, 0xAF, 
    0x55, 0x8E, 0x16, 0x65, 0x14, 0x0B, 0x2E, 0x07, 0x16, 0x20, 0xF9, 0x3C, 
    0x29, 0x0F, 0x01, 0x16, 0x98, 0x56, 0x73, 0xE1, 0x16, 0xDD, 0x1C, 0xB0, 
    0x66, 0x16, 0x4E, 0xBD, 0x17, 0x6E, 0x07, 0x17, 0x01, 0x00, 0x00, 0x00, 
    0x01, 0x26, 0x01, 0x16, 0x98, 0x56, 0x73, 0xE1, 0x16, 0xDD, 0x1C, 0xB0, 
    0x66, 0x01, 0x28, 0x01, 0x25, 0x0E, 0x16, 0x45, 0xAF, 0x55, 0x8E, 0x16, 
    0x65, 0x14, 0x0B, 0x2E, 0x07, 0x16, 0x0A, 0x89, 0x0F, 0xB6, 0x0F, 0x01, 
    0x16, 0x98, 0x56, 0x73, 0xE1, 0x16, 0xC0, 0xF4, 0x8E, 0xC5, 0x16, 0x4E, 
    0xBD, 0x17, 0x6E, 0x07, 0x17, 0x01, 0x00, 0x00, 0x00, 0x01, 0x26, 0x01, 
    0x16, 0x98, 0x56, 0x73, 0xE1, 0x16, 0xC0, 0xF4, 0x8E, 0xC5, 0x01, 0x28, 
    0x01, 0x25, 0x0E, 0x16, 0x45, 0xAF, 0x55, 0x8E, 0x16, 0x65, 0x14, 0x0B, 
    0x2E, 0x07, 0x16, 0x42, 0x51, 0xF5, 0x87, 0x0F, 0x01, 0x16, 0x98, 0x56, 
    0x73, 0xE1, 0x16, 0x37, 0xAC, 0x60, 0xD7, 0x16, 0x4E, 0xBD, 0x17, 0x6E, 
    0x07, 0x17, 0x01, 0x00, 0x00, 0x00, 0x01, 0x26, 0x01, 0x16, 0x98, 0x56, 
    0x73, 0xE1, 0x16, 0x37, 0xAC, 0x60, 0xD7, 0x01, 0x28, 0x01, 0x25, 0x0E, 
    0x16, 0x45, 0xAF, 0x55, 0x8E, 0x16, 0x65, 0x14, 0x0B, 0x2E, 0x07, 0x16, 
    0x4A, 0xE0, 0xCB, 0xA6, 0x0F, 0x01, 0x16, 0x98, 0x56, 0x73, 0xE1, 0x16, 
    0x18, 0x08, 0x99, 0x4F, 0x16, 0x4E, 0xBD, 0x17, 0x6E, 0x07, 0x17, 0x01, 
    0x00, 0x00, 0x00, 0x01, 0x26, 0x01, 0x16, 0x98, 0x56, 0x73, 0xE1, 0x16, 
    0x18, 0x08, 0x99, 0x4F, 0x01, 0x28, 0x01, 0x25, 0x0E, 0x16, 0x45, 0xAF, 
    0x55, 0x8E, 0x16, 0x65, 0x14, 0x0B, 0x2E, 0x07, 0x16, 0xFC, 0x20, 0x3C, 
    0x8D, 0x0F, 0x01, 0x16, 0x98, 0x56, 0x73, 0xE1, 0x16, 0xEA, 0x1E, 0x85, 
    0x7F, 0x16, 0x4E, 0xBD, 0x17, 0x6E, 0x07, 0x17, 0x01, 0x00, 0x00, 0x00, 
    0x01, 0x26, 0x01, 0x16, 0x98, 0x56, 0x73, 0xE1, 0x16, 0xEA, 0x1E, 0x85, 
    0x7F, 0x01, 0x28, 0x01, 0x25, 0x0E, 0x16, 0x45, 0xAF, 0x55, 0x8E, 0x16, 
    0x65, 0x14, 0x0B, 0x2E, 0x07, 0x16, 0xF0, 0xFB, 0x37, 0xDF, 0x0F, 0x01, 
    0x16, 0x98, 0x56, 0x73, 0xE1, 0x16, 0xA0, 0x05, 0x8D, 0xA3, 0x16, 0x4E, 
    0xBD, 0x17, 0x6E, 0x07, 0x17, 0x01, 0x00, 0x00, 0x00, 0x01, 0x26, 0x01, 
    0x16, 0x98, 0x56, 0x73, 0xE1, 0x16, 0xA0, 0x05, 0x8D, 0xA3, 0x01, 0x28, 
    0x01, 0x25, 0x0E, 0x16, 0x45, 0xAF, 0x55, 0x8E, 0x16, 0x65, 0x14, 0x0B, 
    0x2E, 0x07, 0x16, 0xD9, 0xC7, 0x66, 0x84, 0x0F, 0x01, 0x16, 0x98, 0x56, 
    0x73, 0xE1, 0x16, 0x82, 0xCE, 0xA9, 0x3D, 0x16, 0x4E, 0xBD, 0x17, 0x6E, 
    0x07, 0x17, 0x01, 0x00, 0x00, 0x00, 0x01, 0x26, 0x01, 0x16, 0x98, 0x56, 
    0x73, 0xE1, 0x16, 0x82, 0xCE, 0xA9, 0x3D, 0x01, 0x28, 0x01, 0x24, 0x01, 
    0x42, 0xAA, 0x42, 0xA0, 0x55, 0x83, 0x2B, 0x31, 0xE3, 0x09, 0xE4, 0x4C, 
    0x45, 0x56, 0x45, 0x4C, 0x5F, 0x55, 0x4E, 0x4C, 0x4F, 0x43, 0x4B, 0x45, 
    0x44, 0x5F, 0x46, 0x4F, 0x55, 0x4E, 0x44, 0x52, 0x59, 0x00, 0x2B, 0x20, 
    0xF9, 0x3C, 0x29, 0x4C, 0x45, 0x56, 0x45, 0x4C, 0x5F, 0x55, 0x4E, 0x4C, 
    0x4F, 0x43, 0x4B, 0x45, 0x44, 0x5F, 0x52, 0x49, 0x4F, 0x00, 0x2B, 0xDD, 
    0x1C, 0xB0, 0x66, 0x72, 0x69, 0x6F, 0x5F, 0x69, 0x64, 0x00, 0x2B, 0x0A, 
    0x89, 0x0F, 0xB6, 0x4C, 0x45, 0x56, 0x45, 0x4C, 0x5F, 0x55, 0x4E, 0x4C, 
    0x4F, 0x43, 0x4B, 0x45, 0x44, 0x5F, 0x53, 0x55, 0x42, 0x55, 0x52, 0x42, 
    0x49, 0x41, 0x00, 0x2B, 0x37, 0xAC, 0x60, 0xD7, 0x61, 0x69, 0x72, 0x70, 
    0x6F, 0x72, 0x74, 0x5F, 0x69, 0x64, 0x00, 0x2B, 0xFC, 0x20, 0x3C, 0x8D, 
    0x4C, 0x45, 0x56, 0x45, 0x4C, 0x5F, 0x55, 0x4E, 0x4C, 0x4F, 0x43, 0x4B, 
    0x45, 0x44, 0x5F, 0x4C, 0x4F, 0x53, 0x41, 0x4E, 0x47, 0x45, 0x4C, 0x45, 
    0x53, 0x00, 0x2B, 0xEA, 0x1E, 0x85, 0x7F, 0x6C, 0x61, 0x5F, 0x69, 0x64, 
    0xD2, 0x4F, 0x80, 0x7D, 0x88, 0x50, 0x08, 0x2F, 0xE3, 0x66, 0x6F, 0x75, 
    0x6E, 0x64, 0x72, 0x79, 0x5F, 0x69, 0x64, 0x00, 0x2B, 0x4E, 0xBD, 0x17, 
    0x6E, 0x6E, 0x6F, 0x6E, 0x73, 0x74, 0x61, 0x74, 0x69, 0x63, 0x00, 0x2B, 
    0xC0, 0xF4, 0x8E, 0xC5, 0x73, 0x75, 0x62, 0x75, 0x72, 0x62, 0x69, 0x61, 
    0x5F, 0x69, 0x64, 0x00, 0x2B, 0xF0, 0xFB, 0x37, 0xDF, 0x4C, 0x45, 0x56, 
    0x45, 0x4C, 0x5F, 0x55, 0x4E, 0x4C, 0x4F, 0x43, 0x4B, 0x45, 0x44, 0x5F, 
    0x54, 0x4F, 0x4B, 0x59, 0x4F, 0x00, 0x2B, 0xA0, 0x05, 0x8D, 0xA3, 0x74, 
    0x6F, 0x6B, 0x79, 0x6F, 0x5F, 0x69, 0x64, 0x00, 0x2B, 0x82, 0xCE, 0xA9, 
    0x3D, 0x73, 0x68, 0x69, 0x70, 0x5F, 0x69, 0x64, 0x00, 0x2B, 0x92, 0xFF, 
    0x9C, 0x8E, 0x41, 0x50, 0x5F, 0x52, 0x65, 0x66, 0x72, 0x65, 0x73, 0x68, 
    0x5F, 0x4C, 0x65, 0x76, 0x65, 0x6C, 0x5F, 0x4D, 0x65, 0x6E, 0x75, 0x73, 
    0x00, 0x2B, 0x98, 0x56, 0x73, 0xE1, 0x4D, 0x61, 0x6B, 0x65, 0x54, 0x65, 
    0x78, 0x74, 0x4D, 0x65, 0x6E, 0x75, 0x45, 0x6C, 0x65, 0x6D, 0x65, 0x6E, 
    0x74, 0x53, 0x74, 0x61, 0x74, 0x69, 0x63, 0x00, 0x2B, 0x4A, 0xE0, 0xCB, 
    0xA6, 0x4C, 0x45, 0x56, 0x45, 0x4C, 0x5F, 0x55, 0x4E, 0x4C, 0x4F, 0x43, 
    0x4B, 0x45, 0x44, 0x5F, 0x53, 0x4B, 0x41, 0x54, 0x45, 0x52, 0x49, 0x53, 
    0x4C, 0x41, 0x4E, 0x44, 0x00, 0x2B, 0x18, 0x08, 0x99, 0x4F, 0x73, 0x6B, 
    0x61, 0x74, 0x65, 0x72, 0x73, 0x69, 0x73, 0x6C, 0x61, 0x6E, 0x64, 0x5F, 
    0x69, 0x64, 0x00, 0x2B, 0xD9, 0xC7, 0x66, 0x84, 0x4C, 0x45, 0x56, 0x45, 
    0x4C, 0x5F, 0x55, 0x4E, 0x4C, 0x4F, 0x43, 0x4B, 0x45, 0x44, 0x5F, 0x53, 
    0x48, 0x49, 0x50, 0x00, 0x2B, 0x5A, 0xC3, 0x2B, 0xE0, 0x4C, 0x45, 0x56, 
    0x45, 0x4C, 0x5F, 0x55, 0x4E, 0x4C, 0x4F, 0x43, 0x4B, 0x45, 0x44, 0x5F, 
    0x43, 0x41, 0x4E, 0x41, 0x44, 0x41, 0x00, 0x2B, 0x9B, 0x40, 0x50, 0x0E, 
    0x63, 0x61, 0x6E, 0x61, 0x64, 0x61, 0x5F, 0x69, 0x64, 0x00, 0x2B, 0x42, 
    0x51, 0xF5, 0x87, 0x4C, 0x45, 0x56, 0x45, 0x4C, 0x5F, 0x55, 0x4E, 0x4C, 
    0x4F, 0x43, 0x4B, 0x45, 0x44, 0x5F, 0x41, 0x49, 0x52, 0x50, 0x4F, 0x52, 
    0x54, 0x00, 0x2B, 0x65, 0x14, 0x0B, 0x2E, 0x66, 0x6C, 0x61, 0x67, 0x00, 
    0x00, 0x52, 0x74, 0xBB, 0xD8, 0x9D, 0xB7, 0xD6, 0xF1, 0xD9, 0x27, 0x73, 
    0xE8
};
INCBIN_CONST INCBIN_ALIGN unsigned char *const gLevelMenuAPEnd = gLevelMenuAPData + sizeof(gLevelMenuAPData);
INCBIN_CONST unsigned int gLevelMenuAPSize = sizeof(gLevelMenuAPData);
/* INCBIN(MainMenuAP, "patches/mainmenu_ap.bps"); */
INCBIN_CONST INCBIN_ALIGN unsigned char gMainMenuAPData[] = {
    0x42, 0x50, 0x53, 0x31, 0x27, 0x4A, 0x81, 0x72, 0x4D, 0x81, 0x80, 0x6C, 
    0x86, 0x91, 0x17, 0x00, 0x00, 0x00, 0x00, 0x0E, 0x39, 0x80, 0x50, 0x83, 
    0x2D, 0x80, 0x25, 0x0E, 0x16, 0xEB, 0x27, 0x76, 0xDF, 0x0F, 0x01, 0x16, 
    0x84, 0xDB, 0x7C, 0xBF, 0x17, 0x00, 0x00, 0x00, 0x00, 0x01, 0x16, 0x99, 
    0x7F, 0xF7, 0xB1, 0x16, 0x6C, 0xC5, 0xFA, 0x82, 0x07, 0x16, 0x61, 0x6B, 
    0x0C, 0x42, 0x16, 0x0E, 0x59, 0x78, 0x89, 0x01, 0x28, 0x01, 0xC2, 0x9E, 
    0x2D, 0x80, 0x25, 0x0E, 0x16, 0xEB, 0x27, 0x76, 0xDF, 0x0F, 0x01, 0x16, 
    0x84, 0xDB, 0x7C, 0xBF, 0x17, 0x01, 0x00, 0x00, 0x00, 0x01, 0x16, 0x99, 
    0x7F, 0xF7, 0xB1, 0x16, 0x6C, 0xC5, 0xFA, 0x82, 0x07, 0x16, 0x61, 0x6B, 
    0x0C, 0x42, 0x16, 0x0E, 0x59, 0x78, 0x89, 0x01, 0x28, 0x01, 0x4E, 0xA1, 
    0x9E, 0x6E, 0xA7, 0x96, 0x2E, 0x97, 0x96, 0x66, 0x98, 0x96, 0x1E, 0x98, 
    0x96, 0x3A, 0x9A, 0x96, 0x4E, 0x98, 0x96, 0x26, 0x9A, 0x96, 0x66, 0x22, 
    0x80, 0x96, 0x49, 0x80, 0x01, 0x16, 0x1E, 0x8D, 0x93, 0xAB, 0x16, 0xAF, 
    0x98, 0xC6, 0x40, 0x07, 0x16, 0x87, 0x49, 0x28, 0xF6, 0x01, 0x16, 0x1E, 
    0x8D, 0x93, 0xAB, 0x16, 0xAF, 0x98, 0xC6, 0x40, 0x07, 0x16, 0x49, 0xDF, 
    0x20, 0x45, 0x01, 0x16, 0x1E, 0x8D, 0x93, 0xAB, 0x16, 0xAF, 0x98, 0xC6, 
    0x40, 0x07, 0x16, 0xE5, 0xBE, 0x12, 0xD0, 0x4A, 0xAE, 0x80, 0x81, 0x01, 
    0xDE, 0x6F, 0x88, 0x8D, 0x87, 0x49, 0x28, 0xF6, 0x36, 0x80, 0x2C, 0x87, 
    0xEA, 0x55, 0x80, 0x81, 0x01, 0xDE, 0x1B, 0x87, 0x8D, 0x49, 0xDF, 0x20, 
    0x45, 0x22, 0x81, 0x2C, 0x87, 0x81, 0x01, 0xDE, 0x6F, 0x88, 0x8D, 0xE5, 
    0xBE, 0x12, 0xD0, 0x36, 0x80, 0x2C, 0x87, 0xAD, 0x18, 0x01, 0x00, 0x00, 
    0x16, 0xEA, 0xD9, 0x24, 0x04, 0x07, 0x17, 0x7E, 0x5E, 0x82, 0x98, 0x81, 
    0x95, 0x42, 0x82, 0x82, 0x81, 0x90, 0x3E, 0x82, 0x82, 0x81, 0x90, 0x3E, 
    0x82, 0x82, 0x81, 0x90, 0x52, 0x82, 0x82, 0x81, 0x90, 0x32, 0xD7, 0x82, 
    0x81, 0x01, 0xDA, 0x77, 0x82, 0x91, 0x87, 0x49, 0x28, 0xF6, 0x01, 0xDA, 
    0x49, 0xE7, 0x91, 0x49, 0xDF, 0x20, 0x45, 0x01, 0xDA, 0x6F, 0x82, 0x8D, 
    0xE5, 0xBE, 0x12, 0xD0, 0x4E, 0x85, 0x22, 0xEE, 0x06, 0x89, 0xA0, 0xA5, 
    0xDE, 0x67, 0x21, 0xEF, 0x07, 0x16, 0x31, 0xE3, 0x09, 0xE4, 0x52, 0x2E, 
    0x83, 0x83, 0x71, 0x81, 0x2B, 0x87, 0x49, 0x28, 0xF6, 0x41, 0x50, 0x5F, 
    0x43, 0x61, 0x73, 0x73, 0x65, 0x74, 0x74, 0x65, 0x47, 0x6F, 0x61, 0x6C, 
    0x73, 0x00, 0x2B, 0x49, 0xDF, 0x20, 0x45, 0x41, 0x50, 0x5F, 0x43, 0x61, 
    0x73, 0x73, 0x65, 0x74, 0x74, 0x65, 0x47, 0x61, 0x70, 0x73, 0x00, 0x2B, 
    0xE5, 0xBE, 0x12, 0xD0, 0x41, 0x50, 0x5F, 0x43, 0x61, 0x73, 0x73, 0x65, 
    0x74, 0x74, 0x65, 0x49, 0x74, 0x65, 0x6D, 0x73, 0x00, 0x2B, 0xEB, 0x27, 
    0x76, 0xDF, 0x41, 0x50, 0x43, 0x75, 0x73, 0x74, 0x6F, 0x6D, 0x53, 0x6B, 
    0x61, 0x74, 0x65, 0x72, 0x41, 0x6C, 0x6C, 0x6F, 0x77, 0x65, 0x64, 0x00, 
    0x00, 0x5B, 0xC9, 0x21, 0x5D, 0x15, 0x3E, 0xAC, 0xAB, 0x85, 0x41, 0x9F, 
    0xBF
};
INCBIN_CONST INCBIN_ALIGN unsigned char *const gMainMenuAPEnd = gMainMenuAPData + sizeof(gMainMenuAPData);
INCBIN_CONST unsigned int gMainMenuAPSize = sizeof(gMainMenuAPData);
/* INCBIN(CasMenuAP, "patches/casmenu_ap.bps"); */
INCBIN_CONST INCBIN_ALIGN unsigned char gCasMenuAPData[] = {
    0x42, 0x50, 0x53, 0x31, 0x73, 0x31, 0x81, 0x27, 0x32, 0x81, 0x80, 0x7C, 
    0xF5, 0xA1, 0x25, 0x0E, 0x16, 0xEB, 0x27, 0x76, 0xDF, 0x0F, 0x01, 0xBE, 
    0x40, 0xBA, 0xF9, 0x01, 0x16, 0x4E, 0x97, 0xAD, 0x77, 0x01, 0x16, 0x99, 
    0x7F, 0xF7, 0xB1, 0x16, 0x6C, 0xC5, 0xFA, 0x82, 0x07, 0x16, 0xD7, 0xB1, 
    0xEA, 0x5E, 0x16, 0x0E, 0x59, 0x78, 0x89, 0x01, 0x28, 0x01, 0x4A, 0x52, 
    0x87, 0x9E, 0xED, 0x2B, 0xEB, 0x27, 0x76, 0xDF, 0x41, 0x50, 0x43, 0x75, 
    0x73, 0x74, 0x6F, 0x6D, 0x53, 0x6B, 0x61, 0x74, 0x65, 0x72, 0x41, 0x6C, 
    0x6C, 0x6F, 0x77, 0x65, 0x64, 0x00, 0x00, 0x78, 0x63, 0xA7, 0x6D, 0x4A, 
    0xE5, 0xD5, 0xBC, 0xE8, 0xE7, 0x95, 0x84
};
INCBIN_CONST INCBIN_ALIGN unsigned char *const gCasMenuAPEnd = gCasMenuAPData + sizeof(gCasMenuAPData);
INCBIN_CONST unsigned int gCasMenuAPSize = sizeof(gCasMenuAPData);
/* INCBIN(MemCardAP, "patches/memcard_ap.bps"); */
INCBIN_CONST INCBIN_ALIGN unsigned char gMemCardAPData[] = {
    0x42, 0x50, 0x53, 0x31, 0x2A, 0x7F, 0x80, 0x6F, 0x7F, 0x80, 0x80, 0x7C, 
    0x27, 0x82, 0xD5, 0x25, 0x0E, 0x16, 0xEB, 0x27, 0x76, 0xDF, 0x0F, 0x01, 
    0x16, 0x36, 0xE3, 0xB6, 0x9E, 0x16, 0x48, 0x58, 0xC0, 0x30, 0x01, 0x28, 
    0x01, 0x1E, 0x8B, 0x5E, 0x53, 0x80, 0xD5, 0x25, 0x0E, 0x16, 0xEB, 0x27, 
    0x76, 0xDF, 0x0F, 0x01, 0x16, 0x36, 0xE3, 0xB6, 0x9E, 0x16, 0xE6, 0x99, 
    0x09, 0x7A, 0x01, 0x28, 0x01, 0x06, 0x8C, 0x9E, 0xD5, 0x25, 0x0E, 0x16, 
    0xEB, 0x27, 0x76, 0xDF, 0x0F, 0x01, 0x16, 0x36, 0xE3, 0xB6, 0x9E, 0x16, 
    0x17, 0xC0, 0x93, 0xE7, 0x01, 0x28, 0x01, 0x1E, 0x8B, 0x9E, 0xD5, 0x25, 
    0x0E, 0x16, 0xEB, 0x27, 0x76, 0xDF, 0x0F, 0x01, 0x16, 0x36, 0xE3, 0xB6, 
    0x9E, 0x16, 0x63, 0x08, 0x75, 0xBD, 0x01, 0x28, 0x01, 0x1E, 0x8B, 0x9E, 
    0xD5, 0x25, 0x0E, 0x16, 0xEB, 0x27, 0x76, 0xDF, 0x0F, 0x01, 0x16, 0x36, 
    0xE3, 0xB6, 0x9E, 0x16, 0xE3, 0xC7, 0xDF, 0x9C, 0x01, 0x28, 0x01, 0x1E, 
    0x8B, 0x9E, 0xD5, 0x25, 0x0E, 0x16, 0xEB, 0x27, 0x76, 0xDF, 0x0F, 0x01, 
    0x16, 0x36, 0xE3, 0xB6, 0x9E, 0x16, 0x00, 0xC0, 0x50, 0x12, 0x01, 0x28, 
    0x01, 0x32, 0x16, 0x83, 0x9E, 0xED, 0x2B, 0xEB, 0x27, 0x76, 0xDF, 0x41, 
    0x50, 0x43, 0x75, 0x73, 0x74, 0x6F, 0x6D, 0x53, 0x6B, 0x61, 0x74, 0x65, 
    0x72, 0x41, 0x6C, 0x6C, 0x6F, 0x77, 0x65, 0x64, 0x00, 0x00, 0x62, 0x7B, 
    0x2C, 0x91, 0x0B, 0x23, 0xF0, 0x60, 0x73, 0xBF, 0x07, 0x9C
};
INCBIN_CONST INCBIN_ALIGN unsigned char *const gMemCardAPEnd = gMemCardAPData + sizeof(gMemCardAPData);
INCBIN_CONST unsigned int gMemCardAPSize = sizeof(gMemCardAPData);
/* INCBIN(GameAP, "patches/game_ap.bps"); */
INCBIN_CONST INCBIN_ALIGN unsigned char gGameAPData[] = {
    0x42, 0x50, 0x53, 0x31, 0x3B, 0x7B, 0x80, 0x3A, 0x64, 0x81, 0x80, 0x20, 
    0x8B, 0x81, 0x00, 0x0C, 0xC5, 0xDA, 0x7E, 0x99, 0x21, 0x80, 0xA9, 0xD3, 
    0x6E, 0x51, 0x16, 0x38, 0x58, 0x74, 0xC4, 0x07, 0x1B, 0x0E, 0x00, 0x00, 
    0x00, 0x56, 0x69, 0x65, 0x77, 0x20, 0x47, 0x61, 0x70, 0x20, 0x4C, 0x69, 
    0x73, 0x74, 0x00, 0x16, 0x0E, 0x66, 0x53, 0xC9, 0x07, 0x16, 0xF2, 0x44, 
    0x94, 0xD6, 0x01, 0xDA, 0xAF, 0x21, 0x81, 0x37, 0x0A, 0x7E, 0xF3, 0x16, 
    0x38, 0x58, 0x74, 0xC4, 0x07, 0x1B, 0x12, 0x00, 0x00, 0x00, 0x49, 0x74, 
    0x65, 0x6D, 0x20, 0x4D, 0x61, 0x72, 0x6B, 0x65, 0x72, 0x73, 0x3A, 0x20, 
    0x4F, 0x66, 0x66, 0x00, 0x16, 0x03, 0xD0, 0x90, 0xB9, 0x07, 0x1B, 0x1C, 
    0x00, 0x00, 0x00, 0x41, 0x50, 0x5F, 0x54, 0x6F, 0x67, 0x67, 0x6C, 0x65, 
    0x43, 0x6F, 0x6C, 0x6C, 0x65, 0x63, 0x74, 0x69, 0x62, 0x6C, 0x65, 0x4D, 
    0x61, 0x72, 0x6B, 0x65, 0x72, 0x73, 0x00, 0x01, 0x1A, 0x02, 0x80, 0x70, 
    0x8C, 0x95, 0x16, 0xF2, 0x44, 0x94, 0xD6, 0x01, 0x12, 0x37, 0x81, 0x8B, 
    0x85, 0x80, 0x41, 0xCE, 0x7D, 0x00, 0x81, 0x85, 0x18, 0x44, 0x2A, 0x87, 
    0x04, 0x01, 0x81, 0x05, 0x80, 0x01, 0x16, 0x1E, 0x8D, 0x93, 0xAB, 0x16, 
    0xAF, 0x98, 0xC6, 0x40, 0x07, 0x16, 0xC5, 0xB0, 0x35, 0xB5, 0x01, 0x16, 
    0x1E, 0x8D, 0x93, 0xAB, 0x16, 0xAF, 0x98, 0xC6, 0x40, 0x07, 0x16, 0x81, 
    0x64, 0xEC, 0x34, 0x5A, 0x85, 0x80, 0x81, 0xB0, 0x4E, 0x83, 0x82, 0xDA, 
    0x4D, 0x84, 0xB5, 0xC5, 0xB0, 0x35, 0xB5, 0x16, 0x7C, 0xE9, 0x23, 0x73, 
    0x07, 0x1A, 0x00, 0x00, 0xB8, 0xD2, 0x4A, 0x81, 0x81, 0xF0, 0x02, 0x80, 
    0x82, 0xCA, 0x13, 0xD7, 0xDD, 0xAF, 0x98, 0xC6, 0x40, 0x07, 0x16, 0x61, 
    0x1E, 0x64, 0x44, 0x16, 0x38, 0x58, 0x74, 0xC4, 0x07, 0x1B, 0x05, 0x00, 
    0x00, 0x00, 0x47, 0x61, 0x70, 0xCA, 0x1C, 0xD8, 0xCA, 0x71, 0xD2, 0xC5, 
    0x7B, 0xBC, 0xFA, 0xB9, 0x16, 0x38, 0x58, 0x74, 0xC4, 0x07, 0x1B, 0x04, 
    0x00, 0x00, 0x00, 0x30, 0x2F, 0x30, 0xD2, 0x01, 0xCC, 0xC5, 0xC1, 0xED, 
    0xF3, 0x20, 0x16, 0x38, 0x58, 0x74, 0xC4, 0x07, 0x1B, 0x04, 0x00, 0x00, 
    0x00, 0x30, 0x2F, 0x30, 0xD2, 0xAB, 0xC5, 0x57, 0xDD, 0xF4, 0x57, 0x16, 
    0x38, 0x58, 0x74, 0xC4, 0x07, 0x1B, 0x04, 0x00, 0x00, 0x00, 0x30, 0x2F, 
    0x30, 0xD2, 0xAB, 0xC5, 0xF4, 0x48, 0x90, 0xC9, 0x16, 0x38, 0x58, 0x74, 
    0xC4, 0x07, 0x1B, 0x04, 0x00, 0x00, 0x00, 0x30, 0x2F, 0x30, 0xD2, 0xAB, 
    0xC5, 0x62, 0x78, 0x97, 0xBE, 0x16, 0x38, 0x58, 0x74, 0xC4, 0x07, 0x1B, 
    0x04, 0x00, 0x00, 0x00, 0x30, 0x2F, 0x30, 0xD2, 0xAB, 0xC5, 0xD8, 0x29, 
    0x9E, 0x27, 0x16, 0x38, 0x58, 0x74, 0xC4, 0x07, 0x1B, 0x04, 0x00, 0x00, 
    0x00, 0x30, 0x2F, 0x30, 0xD2, 0xAB, 0xC5, 0x4E, 0x19, 0x99, 0x50, 0x16, 
    0x38, 0x58, 0x74, 0xC4, 0x07, 0x1B, 0x04, 0x00, 0x00, 0x00, 0x30, 0x2F, 
    0x30, 0xD2, 0xAB, 0xC5, 0xDF, 0x04, 0x26, 0xC0, 0x16, 0x38, 0x58, 0x74, 
    0xC4, 0x07, 0x1B, 0x04, 0x00, 0x00, 0x00, 0x30, 0x2F, 0x30, 0xD2, 0xAB, 
    0xD9, 0x49, 0x34, 0x21, 0xB7, 0x16, 0x38, 0x58, 0x74, 0xC4, 0x07, 0x1B, 
    0x04, 0x00, 0x00, 0x00, 0x30, 0x2F, 0x30, 0x00, 0x04, 0x06, 0x04, 0x01, 
    0xDE, 0x62, 0x19, 0x80, 0xB5, 0x81, 0x64, 0xEC, 0x34, 0x16, 0x7C, 0xE9, 
    0x23, 0x73, 0x07, 0x1A, 0x00, 0x00, 0xF4, 0xD2, 0x4A, 0x81, 0x81, 0xF0, 
    0x02, 0x80, 0x82, 0xCA, 0x13, 0xD7, 0xE1, 0xAF, 0x98, 0xC6, 0x40, 0x07, 
    0x16, 0x28, 0xA9, 0x86, 0x60, 0x16, 0x38, 0x58, 0x74, 0xC4, 0x07, 0x1B, 
    0x06, 0x00, 0x00, 0x00, 0x49, 0x74, 0x65, 0x6D, 0xCA, 0x1C, 0xD8, 0xCA, 
    0x71, 0xD2, 0xC5, 0x3D, 0x38, 0xA4, 0x42, 0x16, 0x38, 0x58, 0x74, 0xC4, 
    0x07, 0x1B, 0x04, 0x00, 0x00, 0x00, 0x30, 0x2F, 0x30, 0xD2, 0x01, 0xCC, 
    0xC5, 0x87, 0x69, 0xAD, 0xDB, 0x16, 0x38, 0x58, 0x74, 0xC4, 0x07, 0x1B, 
    0x04, 0x00, 0x00, 0x00, 0x30, 0x2F, 0x30, 0xD2, 0xAB, 0xC5, 0x11, 0x59, 
    0xAA, 0xAC, 0x16, 0x38, 0x58, 0x74, 0xC4, 0x07, 0x1B, 0x04, 0x00, 0x00, 
    0x00, 0x30, 0x2F, 0x30, 0xD2, 0xAB, 0xC5, 0xB2, 0xCC, 0xCE, 0x32, 0x16, 
    0x38, 0x58, 0x74, 0xC4, 0x07, 0x1B, 0x04, 0x00, 0x00, 0x00, 0x30, 0x2F, 
    0x30, 0xD2, 0xAB, 0xC5, 0x24, 0xFC, 0xC9, 0x45, 0x16, 0x38, 0x58, 0x74, 
    0xC4, 0x07, 0x1B, 0x04, 0x00, 0x00, 0x00, 0x30, 0x2F, 0x30, 0xD2, 0xAB, 
    0xC5, 0x9E, 0xAD, 0xC0, 0xDC, 0x16, 0x38, 0x58, 0x74, 0xC4, 0x07, 0x1B, 
    0x04, 0x00, 0x00, 0x00, 0x30, 0x2F, 0x30, 0xD2, 0xAB, 0xC5, 0x08, 0x9D, 
    0xC7, 0xAB, 0x16, 0x38, 0x58, 0x74, 0xC4, 0x07, 0x1B, 0x04, 0x00, 0x00, 
    0x00, 0x30, 0x2F, 0x30, 0xD2, 0xAB, 0xC5, 0x99, 0x80, 0x78, 0x3B, 0x16, 
    0x38, 0x58, 0x74, 0xC4, 0x07, 0x1B, 0x04, 0x00, 0x00, 0x00, 0x30, 0x2F, 
    0x30, 0xD2, 0xAB, 0xD9, 0x0F, 0xB0, 0x7F, 0x4C, 0x16, 0x38, 0x58, 0x74, 
    0xC4, 0x07, 0x1B, 0x04, 0x00, 0x00, 0x00, 0x30, 0x2F, 0x30, 0x00, 0x04, 
    0x06, 0x04, 0x01, 0x6A, 0x80, 0x2E, 0x1F, 0x80, 0x81, 0x01, 0xDA, 0xF7, 
    0x91, 0xC5, 0xB0, 0x35, 0xB5, 0x01, 0xDA, 0xAF, 0x8D, 0x81, 0x64, 0xEC, 
    0x34, 0x3E, 0x2E, 0x80, 0xC8, 0x69, 0x82, 0x01, 0x16, 0xF2, 0x44, 0x94, 
    0xD6, 0x07, 0x03, 0x01, 0x16, 0xD6, 0xA8, 0x21, 0x73, 0x07, 0x16, 0x8A, 
    0x4D, 0x4B, 0x48, 0x01, 0x16, 0xAF, 0x98, 0xC6, 0x40, 0x07, 0x16, 0xF2, 
    0x44, 0x94, 0xD6, 0x01, 0x16, 0x4F, 0x0D, 0x4C, 0x40, 0x07, 0x17, 0x0C, 
    0x00, 0x00, 0x00, 0x01, 0x16, 0x7C, 0xE9, 0x23, 0x73, 0x07, 0x1A, 0x00, 
    0x00, 0xC8, 0x42, 0x01, 0x16, 0xEA, 0xD9, 0x24, 0x04, 0x07, 0x1A, 0x00, 
    0x00, 0x70, 0x42, 0x01, 0x16, 0xED, 0xF4, 0x9C, 0xE3, 0x07, 0x1A, 0x00, 
    0x00, 0xDC, 0x43, 0x01, 0x16, 0x18, 0xF9, 0x94, 0x6E, 0x07, 0x1A, 0x00, 
    0x00, 0x96, 0x43, 0x01, 0x16, 0xF3, 0x83, 0x71, 0xCC, 0x01, 0x16, 0x65, 
    0xB3, 0x76, 0xBB, 0x01, 0x16, 0xA2, 0x1C, 0xCE, 0x3C, 0x01, 0x16, 0xB0, 
    0x9F, 0x71, 0xC2, 0x07, 0x16, 0x3D, 0xB5, 0xD7, 0xE9, 0x01, 0xCA, 0x33, 
    0x58, 0x80, 0xCD, 0x0E, 0x66, 0x53, 0xC9, 0x07, 0x16, 0x40, 0xA9, 0xEF, 
    0x69, 0x04, 0x01, 0x16, 0x45, 0x4E, 0x68, 0x5E, 0x07, 0x05, 0x01, 0xCA, 
    0x69, 0x9A, 0xED, 0x94, 0x31, 0xEE, 0xE6, 0x16, 0x38, 0x58, 0x74, 0xC4, 
    0x07, 0x1B, 0x0F, 0x00, 0x00, 0x00, 0x52, 0x65, 0x6D, 0x61, 0x69, 0x6E, 
    0x69, 0x6E, 0x67, 0x20, 0x47, 0x61, 0x70, 0xDE, 0x62, 0x90, 0x81, 0x01, 
    0xCA, 0x69, 0x96, 0x19, 0x81, 0x3A, 0x19, 0xD3, 0x3A, 0x16, 0x38, 0x58, 
    0x74, 0xC4, 0x07, 0x1B, 0x0B, 0x00, 0x00, 0x00, 0x4C, 0x6F, 0x61, 0x64, 
    0x69, 0x6E, 0x67, 0x2E, 0x2E, 0x2E, 0x00, 0x16, 0x03, 0xD0, 0x90, 0xB9, 
    0x07, 0x1B, 0x0D, 0x00, 0x00, 0x00, 0x41, 0x50, 0x5F, 0x53, 0x65, 0x6C, 
    0x65, 0x63, 0x74, 0x47, 0x61, 0x70, 0x00, 0x16, 0x0C, 0xF1, 0x31, 0x70, 
    0x07, 0x03, 0x16, 0x65, 0x14, 0x0B, 0x2E, 0x07, 0x17, 0x01, 0x00, 0xFE, 
    0x7F, 0x04, 0x04, 0x01, 0xCA, 0xA7, 0x19, 0x81, 0x80, 0x48, 0xDA, 0xA3, 
    0x16, 0x38, 0x58, 0x74, 0xC4, 0x07, 0x1B, 0x0B, 0x00, 0x00, 0x00, 0x4C, 
    0x6F, 0x61, 0x64, 0x69, 0x6E, 0x67, 0x2E, 0x2E, 0x2E, 0x00, 0x16, 0x03, 
    0xD0, 0x90, 0xB9, 0x07, 0x1B, 0x0D, 0x00, 0x00, 0x00, 0x41, 0x50, 0x5F, 
    0x53, 0x65, 0x6C, 0x65, 0x63, 0x74, 0x47, 0x61, 0x70, 0x00, 0x16, 0x0C, 
    0xF1, 0x31, 0x70, 0x07, 0x03, 0x16, 0x65, 0x14, 0x0B, 0x2E, 0x07, 0x17, 
    0x02, 0x00, 0xFE, 0x7F, 0x04, 0x04, 0x01, 0xCA, 0xA7, 0x19, 0x81, 0x16, 
    0x78, 0xDD, 0xD4, 0x16, 0x38, 0x58, 0x74, 0xC4, 0x07, 0x1B, 0x0B, 0x00, 
    0x00, 0x00, 0x4C, 0x6F, 0x61, 0x64, 0x69, 0x6E, 0x67, 0x2E, 0x2E, 0x2E, 
    0x00, 0x16, 0x03, 0xD0, 0x90, 0xB9, 0x07, 0x1B, 0x0D, 0x00, 0x00, 0x00, 
    0x41, 0x50, 0x5F, 0x53, 0x65, 0x6C, 0x65, 0x63, 0x74, 0x47, 0x61, 0x70, 
    0x00, 0x16, 0x0C, 0xF1, 0x31, 0x70, 0x07, 0x03, 0x16, 0x65, 0x14, 0x0B, 
    0x2E, 0x07, 0x17, 0x03, 0x00, 0xFE, 0x7F, 0x04, 0x04, 0x01, 0xCA, 0xA7, 
    0x19, 0x81, 0xB5, 0xED, 0xB9, 0x4A, 0x16, 0x38, 0x58, 0x74, 0xC4, 0x07, 
    0x1B, 0x0B, 0x00, 0x00, 0x00, 0x4C, 0x6F, 0x61, 0x64, 0x69, 0x6E, 0x67, 
    0x2E, 0x2E, 0x2E, 0x00, 0x16, 0x03, 0xD0, 0x90, 0xB9, 0x07, 0x1B, 0x0D, 
    0x00, 0x00, 0x00, 0x41, 0x50, 0x5F, 0x53, 0x65, 0x6C, 0x65, 0x63, 0x74, 
    0x47, 0x61, 0x70, 0x00, 0x16, 0x0C, 0xF1, 0x31, 0x70, 0x07, 0x03, 0x16, 
    0x65, 0x14, 0x0B, 0x2E, 0x07, 0x17, 0x04, 0x00, 0xFE, 0x7F, 0x04, 0x04, 
    0x01, 0xCA, 0xA7, 0x19, 0x81, 0x23, 0xDD, 0xBE, 0x3D, 0x16, 0x38, 0x58, 
    0x74, 0xC4, 0x07, 0x1B, 0x0B, 0x00, 0x00, 0x00, 0x4C, 0x6F, 0x61, 0x64, 
    0x69, 0x6E, 0x67, 0x2E, 0x2E, 0x2E, 0x00, 0x16, 0x03, 0xD0, 0x90, 0xB9, 
    0x07, 0x1B, 0x0D, 0x00, 0x00, 0x00, 0x41, 0x50, 0x5F, 0x53, 0x65, 0x6C, 
    0x65, 0x63, 0x74, 0x47, 0x61, 0x70, 0x00, 0x16, 0x0C, 0xF1, 0x31, 0x70, 
    0x07, 0x03, 0x16, 0x65, 0x14, 0x0B, 0x2E, 0x07, 0x17, 0x05, 0x00, 0xFE, 
    0x7F, 0x04, 0x04, 0x01, 0xCA, 0xA7, 0x19, 0x81, 0x99, 0x8C, 0xB7, 0xA4, 
    0x16, 0x38, 0x58, 0x74, 0xC4, 0x07, 0x1B, 0x0B, 0x00, 0x00, 0x00, 0x4C, 
    0x6F, 0x61, 0x64, 0x69, 0x6E, 0x67, 0x2E, 0x2E, 0x2E, 0x00, 0x16, 0x03, 
    0xD0, 0x90, 0xB9, 0x07, 0x1B, 0x0D, 0x00, 0x00, 0x00, 0x41, 0x50, 0x5F, 
    0x53, 0x65, 0x6C, 0x65, 0x63, 0x74, 0x47, 0x61, 0x70, 0x00, 0x16, 0x0C, 
    0xF1, 0x31, 0x70, 0x07, 0x03, 0x16, 0x65, 0x14, 0x0B, 0x2E, 0x07, 0x17, 
    0x06, 0x00, 0xFE, 0x7F, 0x04, 0x04, 0x01, 0xCE, 0x42, 0x96, 0x15, 0x81, 
    0xBC, 0xB0, 0xD3, 0x16, 0x38, 0x58, 0x74, 0xC4, 0x07, 0x1B, 0x0B, 0x00, 
    0x00, 0x00, 0x4C, 0x6F, 0x61, 0x64, 0x69, 0x6E, 0x67, 0x2E, 0x2E, 0x2E, 
    0x00, 0x16, 0x03, 0xD0, 0x90, 0xB9, 0x07, 0x1B, 0x0D, 0x00, 0x00, 0x00, 
    0x41, 0x50, 0x5F, 0x53, 0x65, 0x6C, 0x65, 0x63, 0x74, 0x47, 0x61, 0x70, 
    0x00, 0x16, 0x0C, 0xF1, 0x31, 0x70, 0x07, 0x03, 0x16, 0x65, 0x14, 0x0B, 
    0x2E, 0x07, 0x17, 0x07, 0x00, 0xFE, 0x7F, 0x04, 0x04, 0x01, 0xCA, 0x11, 
    0x97, 0x19, 0x81, 0x9E, 0xA1, 0x0F, 0x43, 0x16, 0x38, 0x58, 0x74, 0xC4, 
    0x07, 0x1B, 0x0B, 0x00, 0x00, 0x00, 0x4C, 0x6F, 0x61, 0x64, 0x69, 0x6E, 
    0x67, 0x2E, 0x2E, 0x2E, 0x00, 0x16, 0x03, 0xD0, 0x90, 0xB9, 0x07, 0x1B, 
    0x0D, 0x00, 0x00, 0x00, 0x41, 0x50, 0x5F, 0x53, 0x65, 0x6C, 0x65, 0x63, 
    0x74, 0x47, 0x61, 0x70, 0x00, 0x16, 0x0C, 0xF1, 0x31, 0x70, 0x07, 0x03, 
    0x16, 0x65, 0x14, 0x0B, 0x2E, 0x07, 0x17, 0x08, 0x00, 0xFE, 0x7F, 0x04, 
    0x04, 0x01, 0xCA, 0xA7, 0x19, 0x81, 0x08, 0x91, 0x08, 0x34, 0x16, 0x38, 
    0x58, 0x74, 0xC4, 0x07, 0x1B, 0x0B, 0x00, 0x00, 0x00, 0x4C, 0x6F, 0x61, 
    0x64, 0x69, 0x6E, 0x67, 0x2E, 0x2E, 0x2E, 0x00, 0x16, 0x03, 0xD0, 0x90, 
    0xB9, 0x07, 0x1B, 0x0D, 0x00, 0x00, 0x00, 0x41, 0x50, 0x5F, 0x53, 0x65, 
    0x6C, 0x65, 0x63, 0x74, 0x47, 0x61, 0x70, 0x00, 0x16, 0x0C, 0xF1, 0x31, 
    0x70, 0x07, 0x03, 0x16, 0x65, 0x14, 0x0B, 0x2E, 0x07, 0x17, 0x09, 0x00, 
    0xFE, 0x7F, 0x04, 0x04, 0x01, 0xCA, 0xA7, 0x19, 0x81, 0xED, 0x18, 0xCF, 
    0x54, 0x16, 0x38, 0x58, 0x74, 0xC4, 0x07, 0x1B, 0x0B, 0x00, 0x00, 0x00, 
    0x4C, 0x6F, 0x61, 0x64, 0x69, 0x6E, 0x67, 0x2E, 0x2E, 0x2E, 0x00, 0x16, 
    0x03, 0xD0, 0x90, 0xB9, 0x07, 0x1B, 0x0D, 0x00, 0x00, 0x00, 0x41, 0x50, 
    0x5F, 0x53, 0x65, 0x6C, 0x65, 0x63, 0x74, 0x47, 0x61, 0x70, 0x00, 0x16, 
    0x0C, 0xF1, 0x31, 0x70, 0x07, 0x03, 0x16, 0x65, 0x14, 0x0B, 0x2E, 0x07, 
    0x17, 0x0A, 0x00, 0xFE, 0x7F, 0x04, 0x04, 0x01, 0xCA, 0xA7, 0x19, 0x81, 
    0x7B, 0x28, 0xC8, 0x23, 0x16, 0x38, 0x58, 0x74, 0xC4, 0x07, 0x1B, 0x0B, 
    0x00, 0x00, 0x00, 0x4C, 0x6F, 0x61, 0x64, 0x69, 0x6E, 0x67, 0x2E, 0x2E, 
    0x2E, 0x00, 0x16, 0x03, 0xD0, 0x90, 0xB9, 0x07, 0x1B, 0x0D, 0x00, 0x00, 
    0x00, 0x41, 0x50, 0x5F, 0x53, 0x65, 0x6C, 0x65, 0x63, 0x74, 0x47, 0x61, 
    0x70, 0x00, 0x16, 0x0C, 0xF1, 0x31, 0x70, 0x07, 0x03, 0x16, 0x65, 0x14, 
    0x0B, 0x2E, 0x07, 0x17, 0x0B, 0x00, 0xFE, 0x7F, 0x04, 0x04, 0x01, 0xCA, 
    0xA7, 0x19, 0x81, 0xC1, 0x79, 0xC1, 0xBA, 0x16, 0x38, 0x58, 0x74, 0xC4, 
    0x07, 0x1B, 0x0B, 0x00, 0x00, 0x00, 0x4C, 0x6F, 0x61, 0x64, 0x69, 0x6E, 
    0x67, 0x2E, 0x2E, 0x2E, 0x00, 0x16, 0x03, 0xD0, 0x90, 0xB9, 0x07, 0x1B, 
    0x0D, 0x00, 0x00, 0x00, 0x41, 0x50, 0x5F, 0x53, 0x65, 0x6C, 0x65, 0x63, 
    0x74, 0x47, 0x61, 0x70, 0x00, 0x16, 0x0C, 0xF1, 0x31, 0x70, 0x07, 0x03, 
    0x16, 0x65, 0x14, 0x0B, 0x2E, 0x07, 0x17, 0x0C, 0x00, 0xFE, 0x7F, 0x04, 
    0x04, 0x01, 0xCA, 0xA7, 0x19, 0x81, 0x57, 0x49, 0xC6, 0xCD, 0x16, 0x38, 
    0x58, 0x74, 0xC4, 0x07, 0x1B, 0x0B, 0x00, 0x00, 0x00, 0x4C, 0x6F, 0x61, 
    0x64, 0x69, 0x6E, 0x67, 0x2E, 0x2E, 0x2E, 0x00, 0x16, 0x03, 0xD0, 0x90, 
    0xB9, 0x07, 0x1B, 0x0D, 0x00, 0x00, 0x00, 0x41, 0x50, 0x5F, 0x53, 0x65, 
    0x6C, 0x65, 0x63, 0x74, 0x47, 0x61, 0x70, 0x00, 0x16, 0x0C, 0xF1, 0x31, 
    0x70, 0x07, 0x03, 0x16, 0x65, 0x14, 0x0B, 0x2E, 0x07, 0x17, 0x0D, 0x00, 
    0xFE, 0x7F, 0x04, 0x04, 0x01, 0xCA, 0xA7, 0x19, 0x81, 0xF4, 0xDC, 0xA2, 
    0x53, 0x16, 0x38, 0x58, 0x74, 0xC4, 0x07, 0x1B, 0x0B, 0x00, 0x00, 0x00, 
    0x4C, 0x6F, 0x61, 0x64, 0x69, 0x6E, 0x67, 0x2E, 0x2E, 0x2E, 0x00, 0x16, 
    0x03, 0xD0, 0x90, 0xB9, 0x07, 0x1B, 0x0D, 0x00, 0x00, 0x00, 0x41, 0x50, 
    0x5F, 0x53, 0x65, 0x6C, 0x65, 0x63, 0x74, 0x47, 0x61, 0x70, 0x00, 0x16, 
    0x0C, 0xF1, 0x31, 0x70, 0x07, 0x03, 0x16, 0x65, 0x14, 0x0B, 0x2E, 0x07, 
    0x17, 0x0E, 0x00, 0xFE, 0x7F, 0x04, 0x04, 0x01, 0xCA, 0xA7, 0x19, 0x81, 
    0x62, 0xEC, 0xA5, 0x24, 0x16, 0x38, 0x58, 0x74, 0xC4, 0x07, 0x1B, 0x0B, 
    0x00, 0x00, 0x00, 0x4C, 0x6F, 0x61, 0x64, 0x69, 0x6E, 0x67, 0x2E, 0x2E, 
    0x2E, 0x00, 0x16, 0x03, 0xD0, 0x90, 0xB9, 0x07, 0x1B, 0x0D, 0x00, 0x00, 
    0x00, 0x41, 0x50, 0x5F, 0x53, 0x65, 0x6C, 0x65, 0x63, 0x74, 0x47, 0x61, 
    0x70, 0x00, 0x16, 0x0C, 0xF1, 0x31, 0x70, 0x07, 0x03, 0x16, 0x65, 0x14, 
    0x0B, 0x2E, 0x07, 0x17, 0x0F, 0x00, 0xFE, 0x7F, 0x04, 0x04, 0x01, 0xCA, 
    0xA7, 0x19, 0x81, 0xD8, 0xBD, 0xAC, 0xBD, 0x16, 0x38, 0x58, 0x74, 0xC4, 
    0x07, 0x1B, 0x0B, 0x00, 0x00, 0x00, 0x4C, 0x6F, 0x61, 0x64, 0x69, 0x6E, 
    0x67, 0x2E, 0x2E, 0x2E, 0x00, 0x16, 0x03, 0xD0, 0x90, 0xB9, 0x07, 0x1B, 
    0x0D, 0x00, 0x00, 0x00, 0x41, 0x50, 0x5F, 0x53, 0x65, 0x6C, 0x65, 0x63, 
    0x74, 0x47, 0x61, 0x70, 0x00, 0x16, 0x0C, 0xF1, 0x31, 0x70, 0x07, 0x03, 
    0x16, 0x65, 0x14, 0x0B, 0x2E, 0x07, 0x17, 0x10, 0x00, 0xFE, 0x7F, 0x04, 
    0x04, 0x01, 0xCA, 0xA7, 0x19, 0x81, 0x4E, 0x8D, 0xAB, 0xCA, 0x16, 0x38, 
    0x58, 0x74, 0xC4, 0x07, 0x1B, 0x0B, 0x00, 0x00, 0x00, 0x4C, 0x6F, 0x61, 
    0x64, 0x69, 0x6E, 0x67, 0x2E, 0x2E, 0x2E, 0x00, 0x16, 0x03, 0xD0, 0x90, 
    0xB9, 0x07, 0x1B, 0x0D, 0x00, 0x00, 0x00, 0x41, 0x50, 0x5F, 0x53, 0x65, 
    0x6C, 0x65, 0x63, 0x74, 0x47, 0x61, 0x70, 0x00, 0x16, 0x0C, 0xF1, 0x31, 
    0x70, 0x07, 0x03, 0x16, 0x65, 0x14, 0x0B, 0x2E, 0x07, 0x17, 0x11, 0x00, 
    0xFE, 0x7F, 0x04, 0x04, 0x01, 0xCA, 0xA7, 0x19, 0x81, 0xDF, 0x90, 0x14, 
    0x5A, 0x16, 0x38, 0x58, 0x74, 0xC4, 0x07, 0x1B, 0x0B, 0x00, 0x00, 0x00, 
    0x4C, 0x6F, 0x61, 0x64, 0x69, 0x6E, 0x67, 0x2E, 0x2E, 0x2E, 0x00, 0x16, 
    0x03, 0xD0, 0x90, 0xB9, 0x07, 0x1B, 0x0D, 0x00, 0x00, 0x00, 0x41, 0x50, 
    0x5F, 0x53, 0x65, 0x6C, 0x65, 0x63, 0x74, 0x47, 0x61, 0x70, 0x00, 0x16, 
    0x0C, 0xF1, 0x31, 0x70, 0x07, 0x03, 0x16, 0x65, 0x14, 0x0B, 0x2E, 0x07, 
    0x17, 0x12, 0x00, 0xFE, 0x7F, 0x04, 0x04, 0x01, 0xCA, 0xA7, 0x19, 0x81, 
    0x49, 0xA0, 0x13, 0x2D, 0x16, 0x38, 0x58, 0x74, 0xC4, 0x07, 0x1B, 0x0B, 
    0x00, 0x00, 0x00, 0x4C, 0x6F, 0x61, 0x64, 0x69, 0x6E, 0x67, 0x2E, 0x2E, 
    0x2E, 0x00, 0x16, 0x03, 0xD0, 0x90, 0xB9, 0x07, 0x1B, 0x0D, 0x00, 0x00, 
    0x00, 0x41, 0x50, 0x5F, 0x53, 0x65, 0x6C, 0x65, 0x63, 0x74, 0x47, 0x61, 
    0x70, 0x00, 0x16, 0x0C, 0xF1, 0x31, 0x70, 0x07, 0x03, 0x16, 0x65, 0x14, 
    0x0B, 0x2E, 0x07, 0x17, 0x13, 0x00, 0xFE, 0x7F, 0x04, 0x04, 0x01, 0xCA, 
    0xA7, 0x19, 0x81, 0x2E, 0x4B, 0xE2, 0x7F, 0x16, 0x38, 0x58, 0x74, 0xC4, 
    0x07, 0x1B, 0x0B, 0x00, 0x00, 0x00, 0x4C, 0x6F, 0x61, 0x64, 0x69, 0x6E, 
    0x67, 0x2E, 0x2E, 0x2E, 0x00, 0x16, 0x03, 0xD0, 0x90, 0xB9, 0x07, 0x1B, 
    0x0D, 0x00, 0x00, 0x00, 0x41, 0x50, 0x5F, 0x53, 0x65, 0x6C, 0x65, 0x63, 
    0x74, 0x47, 0x61, 0x70, 0x00, 0x16, 0x0C, 0xF1, 0x31, 0x70, 0x07, 0x03, 
    0x16, 0x65, 0x14, 0x0B, 0x2E, 0x07, 0x17, 0x14, 0x00, 0xFE, 0x7F, 0x04, 
    0x04, 0x01, 0xCA, 0xA7, 0x19, 0x81, 0xB8, 0x7B, 0xE5, 0x08, 0x16, 0x38, 
    0x58, 0x74, 0xC4, 0x07, 0x1B, 0x0B, 0x00, 0x00, 0x00, 0x4C, 0x6F, 0x61, 
    0x64, 0x69, 0x6E, 0x67, 0x2E, 0x2E, 0x2E, 0x00, 0x16, 0x03, 0xD0, 0x90, 
    0xB9, 0x07, 0x1B, 0x0D, 0x00, 0x00, 0x00, 0x41, 0x50, 0x5F, 0x53, 0x65, 
    0x6C, 0x65, 0x63, 0x74, 0x47, 0x61, 0x70, 0x00, 0x16, 0x0C, 0xF1, 0x31, 
    0x70, 0x07, 0x03, 0x16, 0x65, 0x14, 0x0B, 0x2E, 0x07, 0x17, 0x15, 0x00, 
    0xFE, 0x7F, 0x04, 0x04, 0x01, 0xCA, 0xA7, 0x19, 0x81, 0x02, 0x2A, 0xEC, 
    0x91, 0x16, 0x38, 0x58, 0x74, 0xC4, 0x07, 0x1B, 0x0B, 0x00, 0x00, 0x00, 
    0x4C, 0x6F, 0x61, 0x64, 0x69, 0x6E, 0x67, 0x2E, 0x2E, 0x2E, 0x00, 0x16, 
    0x03, 0xD0, 0x90, 0xB9, 0x07, 0x1B, 0x0D, 0x00, 0x00, 0x00, 0x41, 0x50, 
    0x5F, 0x53, 0x65, 0x6C, 0x65, 0x63, 0x74, 0x47, 0x61, 0x70, 0x00, 0x16, 
    0x0C, 0xF1, 0x31, 0x70, 0x07, 0x03, 0x16, 0x65, 0x14, 0x0B, 0x2E, 0x07, 
    0x17, 0x16, 0x00, 0xFE, 0x7F, 0x04, 0x04, 0x01, 0xCA, 0xA7, 0x19, 0x81, 
    0x94, 0x1A, 0xEB, 0xE6, 0x16, 0x38, 0x58, 0x74, 0xC4, 0x07, 0x1B, 0x0B, 
    0x00, 0x00, 0x00, 0x4C, 0x6F, 0x61, 0x64, 0x69, 0x6E, 0x67, 0x2E, 0x2E, 
    0x2E, 0x00, 0x16, 0x03, 0xD0, 0x90, 0xB9, 0x07, 0x1B, 0x0D, 0x00, 0x00, 
    0x00, 0x41, 0x50, 0x5F, 0x53, 0x65, 0x6C, 0x65, 0x63, 0x74, 0x47, 0x61, 
    0x70, 0x00, 0x16, 0x0C, 0xF1, 0x31, 0x70, 0x07, 0x03, 0x16, 0x65, 0x14, 
    0x0B, 0x2E, 0x07, 0x17, 0x17, 0x00, 0xFE, 0x7F, 0x04, 0x04, 0x01, 0xCA, 
    0xA7, 0x19, 0x81, 0x37, 0x8F, 0x8F, 0x78, 0x16, 0x38, 0x58, 0x74, 0xC4, 
    0x07, 0x1B, 0x0B, 0x00, 0x00, 0x00, 0x4C, 0x6F, 0x61, 0x64, 0x69, 0x6E, 
    0x67, 0x2E, 0x2E, 0x2E, 0x00, 0x16, 0x03, 0xD0, 0x90, 0xB9, 0x07, 0x1B, 
    0x0D, 0x00, 0x00, 0x00, 0x41, 0x50, 0x5F, 0x53, 0x65, 0x6C, 0x65, 0x63, 
    0x74, 0x47, 0x61, 0x70, 0x00, 0x16, 0x0C, 0xF1, 0x31, 0x70, 0x07, 0x03, 
    0x16, 0x65, 0x14, 0x0B, 0x2E, 0x07, 0x17, 0x18, 0x00, 0xFE, 0x7F, 0x04, 
    0x04, 0x01, 0xCA, 0xA7, 0x19, 0x81, 0xA1, 0xBF, 0x88, 0x0F, 0x16, 0x38, 
    0x58, 0x74, 0xC4, 0x07, 0x1B, 0x0B, 0x00, 0x00, 0x00, 0x4C, 0x6F, 0x61, 
    0x64, 0x69, 0x6E, 0x67, 0x2E, 0x2E, 0x2E, 0x00, 0x16, 0x03, 0xD0, 0x90, 
    0xB9, 0x07, 0x1B, 0x0D, 0x00, 0x00, 0x00, 0x41, 0x50, 0x5F, 0x53, 0x65, 
    0x6C, 0x65, 0x63, 0x74, 0x47, 0x61, 0x70, 0x00, 0x16, 0x0C, 0xF1, 0x31, 
    0x70, 0x07, 0x03, 0x16, 0x65, 0x14, 0x0B, 0x2E, 0x07, 0x17, 0x19, 0x00, 
    0xFE, 0x7F, 0x04, 0x04, 0x01, 0xCE, 0xD4, 0x15, 0x81, 0xEE, 0x81, 0x96, 
    0x16, 0x38, 0x58, 0x74, 0xC4, 0x07, 0x1B, 0x0B, 0x00, 0x00, 0x00, 0x4C, 
    0x6F, 0x61, 0x64, 0x69, 0x6E, 0x67, 0x2E, 0x2E, 0x2E, 0x00, 0x16, 0x03, 
    0xD0, 0x90, 0xB9, 0x07, 0x1B, 0x0D, 0x00, 0x00, 0x00, 0x41, 0x50, 0x5F, 
    0x53, 0x65, 0x6C, 0x65, 0x63, 0x74, 0x47, 0x61, 0x70, 0x00, 0x16, 0x0C, 
    0xF1, 0x31, 0x70, 0x07, 0x03, 0x16, 0x65, 0x14, 0x0B, 0x2E, 0x07, 0x17, 
    0x1A, 0x00, 0xFE, 0x7F, 0x04, 0x04, 0x01, 0xCA, 0x23, 0x80, 0x19, 0x81, 
    0x8D, 0xDE, 0x86, 0xE1, 0x16, 0x38, 0x58, 0x74, 0xC4, 0x07, 0x1B, 0x0B, 
    0x00, 0x00, 0x00, 0x4C, 0x6F, 0x61, 0x64, 0x69, 0x6E, 0x67, 0x2E, 0x2E, 
    0x2E, 0x00, 0x16, 0x03, 0xD0, 0x90, 0xB9, 0x07, 0x1B, 0x0D, 0x00, 0x00, 
    0x00, 0x41, 0x50, 0x5F, 0x53, 0x65, 0x6C, 0x65, 0x63, 0x74, 0x47, 0x61, 
    0x70, 0x00, 0x16, 0x0C, 0xF1, 0x31, 0x70, 0x07, 0x03, 0x16, 0x65, 0x14, 
    0x0B, 0x2E, 0x07, 0x17, 0x1B, 0x00, 0xFE, 0x7F, 0x04, 0x04, 0x01, 0xCA, 
    0xA7, 0x19, 0x81, 0x1C, 0xC3, 0x39, 0x71, 0x16, 0x38, 0x58, 0x74, 0xC4, 
    0x07, 0x1B, 0x0B, 0x00, 0x00, 0x00, 0x4C, 0x6F, 0x61, 0x64, 0x69, 0x6E, 
    0x67, 0x2E, 0x2E, 0x2E, 0x00, 0x16, 0x03, 0xD0, 0x90, 0xB9, 0x07, 0x1B, 
    0x0D, 0x00, 0x00, 0x00, 0x41, 0x50, 0x5F, 0x53, 0x65, 0x6C, 0x65, 0x63, 
    0x74, 0x47, 0x61, 0x70, 0x00, 0x16, 0x0C, 0xF1, 0x31, 0x70, 0x07, 0x03, 
    0x16, 0x65, 0x14, 0x0B, 0x2E, 0x07, 0x17, 0x1C, 0x00, 0xFE, 0x7F, 0x04, 
    0x04, 0x01, 0xCA, 0xA7, 0x19, 0x81, 0x8A, 0xF3, 0x3E, 0x06, 0x16, 0x38, 
    0x58, 0x74, 0xC4, 0x07, 0x1B, 0x0B, 0x00, 0x00, 0x00, 0x4C, 0x6F, 0x61, 
    0x64, 0x69, 0x6E, 0x67, 0x2E, 0x2E, 0x2E, 0x00, 0x16, 0x03, 0xD0, 0x90, 
    0xB9, 0x07, 0x1B, 0x0D, 0x00, 0x00, 0x00, 0x41, 0x50, 0x5F, 0x53, 0x65, 
    0x6C, 0x65, 0x63, 0x74, 0x47, 0x61, 0x70, 0x00, 0x16, 0x0C, 0xF1, 0x31, 
    0x70, 0x07, 0x03, 0x16, 0x65, 0x14, 0x0B, 0x2E, 0x07, 0x17, 0x1D, 0x00, 
    0xFE, 0x7F, 0x04, 0x04, 0x01, 0xCA, 0xA7, 0x19, 0x81, 0x6F, 0x7A, 0xF9, 
    0x66, 0x16, 0x38, 0x58, 0x74, 0xC4, 0x07, 0x1B, 0x0B, 0x00, 0x00, 0x00, 
    0x4C, 0x6F, 0x61, 0x64, 0x69, 0x6E, 0x67, 0x2E, 0x2E, 0x2E, 0x00, 0x16, 
    0x03, 0xD0, 0x90, 0xB9, 0x07, 0x1B, 0x0D, 0x00, 0x00, 0x00, 0x41, 0x50, 
    0x5F, 0x53, 0x65, 0x6C, 0x65, 0x63, 0x74, 0x47, 0x61, 0x70, 0x00, 0x16, 
    0x0C, 0xF1, 0x31, 0x70, 0x07, 0x03, 0x16, 0x65, 0x14, 0x0B, 0x2E, 0x07, 
    0x17, 0x1E, 0x00, 0xFE, 0x7F, 0x04, 0x04, 0x01, 0xCA, 0xA7, 0x19, 0x81, 
    0xF9, 0x4A, 0xFE, 0x11, 0x16, 0x38, 0x58, 0x74, 0xC4, 0x07, 0x1B, 0x0B, 
    0x00, 0x00, 0x00, 0x4C, 0x6F, 0x61, 0x64, 0x69, 0x6E, 0x67, 0x2E, 0x2E, 
    0x2E, 0x00, 0x16, 0x03, 0xD0, 0x90, 0xB9, 0x07, 0x1B, 0x0D, 0x00, 0x00, 
    0x00, 0x41, 0x50, 0x5F, 0x53, 0x65, 0x6C, 0x65, 0x63, 0x74, 0x47, 0x61, 
    0x70, 0x00, 0x16, 0x0C, 0xF1, 0x31, 0x70, 0x07, 0x03, 0x16, 0x65, 0x14, 
    0x0B, 0x2E, 0x07, 0x17, 0x1F, 0x00, 0xFE, 0x7F, 0x04, 0x04, 0x01, 0xCA, 
    0xA7, 0x19, 0x81, 0x43, 0x1B, 0xF7, 0x88, 0x16, 0x38, 0x58, 0x74, 0xC4, 
    0x07, 0x1B, 0x0B, 0x00, 0x00, 0x00, 0x4C, 0x6F, 0x61, 0x64, 0x69, 0x6E, 
    0x67, 0x2E, 0x2E, 0x2E, 0x00, 0x16, 0x03, 0xD0, 0x90, 0xB9, 0x07, 0x1B, 
    0x0D, 0x00, 0x00, 0x00, 0x41, 0x50, 0x5F, 0x53, 0x65, 0x6C, 0x65, 0x63, 
    0x74, 0x47, 0x61, 0x70, 0x00, 0x16, 0x0C, 0xF1, 0x31, 0x70, 0x07, 0x03, 
    0x16, 0x65, 0x14, 0x0B, 0x2E, 0x07, 0x17, 0x20, 0x00, 0xFE, 0x7F, 0x04, 
    0x04, 0x01, 0xCA, 0xA7, 0x19, 0x81, 0xD5, 0x2B, 0xF0, 0xFF, 0x16, 0x38, 
    0x58, 0x74, 0xC4, 0x07, 0x1B, 0x0B, 0x00, 0x00, 0x00, 0x4C, 0x6F, 0x61, 
    0x64, 0x69, 0x6E, 0x67, 0x2E, 0x2E, 0x2E, 0x00, 0x16, 0x03, 0xD0, 0x90, 
    0xB9, 0x07, 0x1B, 0x0D, 0x00, 0x00, 0x00, 0x41, 0x50, 0x5F, 0x53, 0x65, 
    0x6C, 0x65, 0x63, 0x74, 0x47, 0x61, 0x70, 0x00, 0x16, 0x0C, 0xF1, 0x31, 
    0x70, 0x07, 0x03, 0x16, 0x65, 0x14, 0x0B, 0x2E, 0x07, 0x17, 0x21, 0x00, 
    0xFE, 0x7F, 0x04, 0x04, 0x01, 0xCA, 0xA7, 0x19, 0x81, 0x76, 0xBE, 0x94, 
    0x61, 0x16, 0x38, 0x58, 0x74, 0xC4, 0x07, 0x1B, 0x0B, 0x00, 0x00, 0x00, 
    0x4C, 0x6F, 0x61, 0x64, 0x69, 0x6E, 0x67, 0x2E, 0x2E, 0x2E, 0x00, 0x16, 
    0x03, 0xD0, 0x90, 0xB9, 0x07, 0x1B, 0x0D, 0x00, 0x00, 0x00, 0x41, 0x50, 
    0x5F, 0x53, 0x65, 0x6C, 0x65, 0x63, 0x74, 0x47, 0x61, 0x70, 0x00, 0x16, 
    0x0C, 0xF1, 0x31, 0x70, 0x07, 0x03, 0x16, 0x65, 0x14, 0x0B, 0x2E, 0x07, 
    0x17, 0x22, 0x00, 0xFE, 0x7F, 0x04, 0x04, 0x01, 0xCA, 0xA7, 0x19, 0x81, 
    0xE0, 0x8E, 0x93, 0x16, 0x16, 0x38, 0x58, 0x74, 0xC4, 0x07, 0x1B, 0x0B, 
    0x00, 0x00, 0x00, 0x4C, 0x6F, 0x61, 0x64, 0x69, 0x6E, 0x67, 0x2E, 0x2E, 
    0x2E, 0x00, 0x16, 0x03, 0xD0, 0x90, 0xB9, 0x07, 0x1B, 0x0D, 0x00, 0x00, 
    0x00, 0x41, 0x50, 0x5F, 0x53, 0x65, 0x6C, 0x65, 0x63, 0x74, 0x47, 0x61, 
    0x70, 0x00, 0x16, 0x0C, 0xF1, 0x31, 0x70, 0x07, 0x03, 0x16, 0x65, 0x14, 
    0x0B, 0x2E, 0x07, 0x17, 0x23, 0x00, 0xFE, 0x7F, 0x04, 0x04, 0x01, 0xCA, 
    0xA7, 0x19, 0x81, 0x5A, 0xDF, 0x9A, 0x8F, 0x16, 0x38, 0x58, 0x74, 0xC4, 
    0x07, 0x1B, 0x0B, 0x00, 0x00, 0x00, 0x4C, 0x6F, 0x61, 0x64, 0x69, 0x6E, 
    0x67, 0x2E, 0x2E, 0x2E, 0x00, 0x16, 0x03, 0xD0, 0x90, 0xB9, 0x07, 0x1B, 
    0x0D, 0x00, 0x00, 0x00, 0x41, 0x50, 0x5F, 0x53, 0x65, 0x6C, 0x65, 0x63, 
    0x74, 0x47, 0x61, 0x70, 0x00, 0x16, 0x0C, 0xF1, 0x31, 0x70, 0x07, 0x03, 
    0x16, 0x65, 0x14, 0x0B, 0x2E, 0x07, 0x17, 0x24, 0x00, 0xFE, 0x7F, 0x04, 
    0x04, 0x01, 0xCE, 0x2C, 0x90, 0x15, 0x81, 0xEF, 0x9D, 0xF8, 0x16, 0x38, 
    0x58, 0x74, 0xC4, 0x07, 0x1B, 0x0B, 0x00, 0x00, 0x00, 0x4C, 0x6F, 0x61, 
    0x64, 0x69, 0x6E, 0x67, 0x2E, 0x2E, 0x2E, 0x00, 0x16, 0x03, 0xD0, 0x90, 
    0xB9, 0x07, 0x1B, 0x0D, 0x00, 0x00, 0x00, 0x41, 0x50, 0x5F, 0x53, 0x65, 
    0x6C, 0x65, 0x63, 0x74, 0x47, 0x61, 0x70, 0x00, 0x16, 0x0C, 0xF1, 0x31, 
    0x70, 0x07, 0x03, 0x16, 0x65, 0x14, 0x0B, 0x2E, 0x07, 0x17, 0x25, 0x00, 
    0xFE, 0x7F, 0x04, 0x04, 0x01, 0xCE, 0x7B, 0x90, 0x15, 0x81, 0xF2, 0x22, 
    0x68, 0x16, 0x38, 0x58, 0x74, 0xC4, 0x07, 0x1B, 0x0B, 0x00, 0x00, 0x00, 
    0x4C, 0x6F, 0x61, 0x64, 0x69, 0x6E, 0x67, 0x2E, 0x2E, 0x2E, 0x00, 0x16, 
    0x03, 0xD0, 0x90, 0xB9, 0x07, 0x1B, 0x0D, 0x00, 0x00, 0x00, 0x41, 0x50, 
    0x5F, 0x53, 0x65, 0x6C, 0x65, 0x63, 0x74, 0x47, 0x61, 0x70, 0x00, 0x16, 
    0x0C, 0xF1, 0x31, 0x70, 0x07, 0x03, 0x16, 0x65, 0x14, 0x0B, 0x2E, 0x07, 
    0x17, 0x26, 0x00, 0xFE, 0x7F, 0x04, 0x04, 0x01, 0xCA, 0xA9, 0x19, 0x81, 
    0xCB, 0xC2, 0x25, 0x1F, 0x16, 0x38, 0x58, 0x74, 0xC4, 0x07, 0x1B, 0x0B, 
    0x00, 0x00, 0x00, 0x4C, 0x6F, 0x61, 0x64, 0x69, 0x6E, 0x67, 0x2E, 0x2E, 
    0x2E, 0x00, 0x16, 0x03, 0xD0, 0x90, 0xB9, 0x07, 0x1B, 0x0D, 0x00, 0x00, 
    0x00, 0x41, 0x50, 0x5F, 0x53, 0x65, 0x6C, 0x65, 0x63, 0x74, 0x47, 0x61, 
    0x70, 0x00, 0x16, 0x0C, 0xF1, 0x31, 0x70, 0x07, 0x03, 0x16, 0x65, 0x14, 
    0x0B, 0x2E, 0x07, 0x17, 0x27, 0x00, 0xFE, 0x7F, 0x04, 0x04, 0x01, 0xCA, 
    0xA7, 0x19, 0x81, 0xA8, 0xEC, 0xB8, 0x29, 0x16, 0x38, 0x58, 0x74, 0xC4, 
    0x07, 0x1B, 0x0B, 0x00, 0x00, 0x00, 0x4C, 0x6F, 0x61, 0x64, 0x69, 0x6E, 
    0x67, 0x2E, 0x2E, 0x2E, 0x00, 0x16, 0x03, 0xD0, 0x90, 0xB9, 0x07, 0x1B, 
    0x0D, 0x00, 0x00, 0x00, 0x41, 0x50, 0x5F, 0x53, 0x65, 0x6C, 0x65, 0x63, 
    0x74, 0x47, 0x61, 0x70, 0x00, 0x16, 0x0C, 0xF1, 0x31, 0x70, 0x07, 0x03, 
    0x16, 0x65, 0x14, 0x0B, 0x2E, 0x07, 0x17, 0x28, 0x00, 0xFE, 0x7F, 0x04, 
    0x04, 0x01, 0xCA, 0xA7, 0x19, 0x81, 0x3E, 0xDC, 0xBF, 0x5E, 0x16, 0x38, 
    0x58, 0x74, 0xC4, 0x07, 0x1B, 0x0B, 0x00, 0x00, 0x00, 0x4C, 0x6F, 0x61, 
    0x64, 0x69, 0x6E, 0x67, 0x2E, 0x2E, 0x2E, 0x00, 0x16, 0x03, 0xD0, 0x90, 
    0xB9, 0x07, 0x1B, 0x0D, 0x00, 0x00, 0x00, 0x41, 0x50, 0x5F, 0x53, 0x65, 
    0x6C, 0x65, 0x63, 0x74, 0x47, 0x61, 0x70, 0x00, 0x16, 0x0C, 0xF1, 0x31, 
    0x70, 0x07, 0x03, 0x16, 0x65, 0x14, 0x0B, 0x2E, 0x07, 0x17, 0x29, 0x00, 
    0xFE, 0x7F, 0x04, 0x04, 0x01, 0xCA, 0xA7, 0x19, 0x81, 0x84, 0x8D, 0xB6, 
    0xC7, 0x16, 0x38, 0x58, 0x74, 0xC4, 0x07, 0x1B, 0x0B, 0x00, 0x00, 0x00, 
    0x4C, 0x6F, 0x61, 0x64, 0x69, 0x6E, 0x67, 0x2E, 0x2E, 0x2E, 0x00, 0x16, 
    0x03, 0xD0, 0x90, 0xB9, 0x07, 0x1B, 0x0D, 0x00, 0x00, 0x00, 0x41, 0x50, 
    0x5F, 0x53, 0x65, 0x6C, 0x65, 0x63, 0x74, 0x47, 0x61, 0x70, 0x00, 0x16, 
    0x0C, 0xF1, 0x31, 0x70, 0x07, 0x03, 0x16, 0x65, 0x14, 0x0B, 0x2E, 0x07, 
    0x17, 0x2A, 0x00, 0xFE, 0x7F, 0x04, 0x04, 0x01, 0xCA, 0xA7, 0x19, 0x81, 
    0x12, 0xBD, 0xB1, 0xB0, 0x16, 0x38, 0x58, 0x74, 0xC4, 0x07, 0x1B, 0x0B, 
    0x00, 0x00, 0x00, 0x4C, 0x6F, 0x61, 0x64, 0x69, 0x6E, 0x67, 0x2E, 0x2E, 
    0x2E, 0x00, 0x16, 0x03, 0xD0, 0x90, 0xB9, 0x07, 0x1B, 0x0D, 0x00, 0x00, 
    0x00, 0x41, 0x50, 0x5F, 0x53, 0x65, 0x6C, 0x65, 0x63, 0x74, 0x47, 0x61, 
    0x70, 0x00, 0x16, 0x0C, 0xF1, 0x31, 0x70, 0x07, 0x03, 0x16, 0x65, 0x14, 
    0x0B, 0x2E, 0x07, 0x17, 0x2B, 0x00, 0xFE, 0x7F, 0x04, 0x04, 0x01, 0xCA, 
    0xA7, 0x19, 0x81, 0xB1, 0x28, 0xD5, 0x2E, 0x16, 0x38, 0x58, 0x74, 0xC4, 
    0x07, 0x1B, 0x0B, 0x00, 0x00, 0x00, 0x4C, 0x6F, 0x61, 0x64, 0x69, 0x6E, 
    0x67, 0x2E, 0x2E, 0x2E, 0x00, 0x16, 0x03, 0xD0, 0x90, 0xB9, 0x07, 0x1B, 
    0x0D, 0x00, 0x00, 0x00, 0x41, 0x50, 0x5F, 0x53, 0x65, 0x6C, 0x65, 0x63, 
    0x74, 0x47, 0x61, 0x70, 0x00, 0x16, 0x0C, 0xF1, 0x31, 0x70, 0x07, 0x03, 
    0x16, 0x65, 0x14, 0x0B, 0x2E, 0x07, 0x17, 0x2C, 0x00, 0xFE, 0x7F, 0x04, 
    0x04, 0x01, 0xCA, 0xA7, 0x19, 0x81, 0x27, 0x18, 0xD2, 0x59, 0x16, 0x38, 
    0x58, 0x74, 0xC4, 0x07, 0x1B, 0x0B, 0x00, 0x00, 0x00, 0x4C, 0x6F, 0x61, 
    0x64, 0x69, 0x6E, 0x67, 0x2E, 0x2E, 0x2E, 0x00, 0x16, 0x03, 0xD0, 0x90, 
    0xB9, 0x07, 0x1B, 0x0D, 0x00, 0x00, 0x00, 0x41, 0x50, 0x5F, 0x53, 0x65, 
    0x6C, 0x65, 0x63, 0x74, 0x47, 0x61, 0x70, 0x00, 0x16, 0x0C, 0xF1, 0x31, 
    0x70, 0x07, 0x03, 0x16, 0x65, 0x14, 0x0B, 0x2E, 0x07, 0x17, 0x2D, 0x00, 
    0xFE, 0x7F, 0x04, 0x04, 0x01, 0xCA, 0xA7, 0x19, 0x81, 0x9D, 0x49, 0xDB, 
    0xC0, 0x16, 0x38, 0x58, 0x74, 0xC4, 0x07, 0x1B, 0x0B, 0x00, 0x00, 0x00, 
    0x4C, 0x6F, 0x61, 0x64, 0x69, 0x6E, 0x67, 0x2E, 0x2E, 0x2E, 0x00, 0x16, 
    0x03, 0xD0, 0x90, 0xB9, 0x07, 0x1B, 0x0D, 0x00, 0x00, 0x00, 0x41, 0x50, 
    0x5F, 0x53, 0x65, 0x6C, 0x65, 0x63, 0x74, 0x47, 0x61, 0x70, 0x00, 0x16, 
    0x0C, 0xF1, 0x31, 0x70, 0x07, 0x03, 0x16, 0x65, 0x14, 0x0B, 0x2E, 0x07, 
    0x17, 0x2E, 0x00, 0xFE, 0x7F, 0x04, 0x04, 0x01, 0xCA, 0xA7, 0x19, 0x81, 
    0x0B, 0x79, 0xDC, 0xB7, 0x16, 0x38, 0x58, 0x74, 0xC4, 0x07, 0x1B, 0x0B, 
    0x00, 0x00, 0x00, 0x4C, 0x6F, 0x61, 0x64, 0x69, 0x6E, 0x67, 0x2E, 0x2E, 
    0x2E, 0x00, 0x16, 0x03, 0xD0, 0x90, 0xB9, 0x07, 0x1B, 0x0D, 0x00, 0x00, 
    0x00, 0x41, 0x50, 0x5F, 0x53, 0x65, 0x6C, 0x65, 0x63, 0x74, 0x47, 0x61, 
    0x70, 0x00, 0x16, 0x0C, 0xF1, 0x31, 0x70, 0x07, 0x03, 0x16, 0x65, 0x14, 
    0x0B, 0x2E, 0x07, 0x17, 0x2F, 0x00, 0xFE, 0x7F, 0x04, 0x04, 0x01, 0xCA, 
    0xA7, 0x19, 0x81, 0x9A, 0x64, 0x63, 0x27, 0x16, 0x38, 0x58, 0x74, 0xC4, 
    0x07, 0x1B, 0x0B, 0x00, 0x00, 0x00, 0x4C, 0x6F, 0x61, 0x64, 0x69, 0x6E, 
    0x67, 0x2E, 0x2E, 0x2E, 0x00, 0x16, 0x03, 0xD0, 0x90, 0xB9, 0x07, 0x1B, 
    0x0D, 0x00, 0x00, 0x00, 0x41, 0x50, 0x5F, 0x53, 0x65, 0x6C, 0x65, 0x63, 
    0x74, 0x47, 0x61, 0x70, 0x00, 0x16, 0x0C, 0xF1, 0x31, 0x70, 0x07, 0x03, 
    0x16, 0x65, 0x14, 0x0B, 0x2E, 0x07, 0x17, 0x30, 0x00, 0xFE, 0x7F, 0x04, 
    0x04, 0x01, 0xD2, 0x08, 0x92, 0x11, 0x81, 0x64, 0x50, 0x16, 0x38, 0x58, 
    0x74, 0xC4, 0x07, 0x1B, 0x0B, 0x00, 0x00, 0x00, 0x4C, 0x6F, 0x61, 0x64, 
    0x69, 0x6E, 0x67, 0x2E, 0x2E, 0x2E, 0x00, 0x16, 0x03, 0xD0, 0x90, 0xB9, 
    0x07, 0x1B, 0x0D, 0x00, 0x00, 0x00, 0x41, 0x50, 0x5F, 0x53, 0x65, 0x6C, 
    0x65, 0x63, 0x74, 0x47, 0x61, 0x70, 0x00, 0x16, 0x0C, 0xF1, 0x31, 0x70, 
    0x07, 0x03, 0x16, 0x65, 0x14, 0x0B, 0x2E, 0x07, 0x17, 0x31, 0x00, 0xFE, 
    0x7F, 0x04, 0x04, 0x01, 0xCA, 0x59, 0x92, 0x19, 0x81, 0xE9, 0xDD, 0xA3, 
    0x30, 0x16, 0x38, 0x58, 0x74, 0xC4, 0x07, 0x1B, 0x0B, 0x00, 0x00, 0x00, 
    0x4C, 0x6F, 0x61, 0x64, 0x69, 0x6E, 0x67, 0x2E, 0x2E, 0x2E, 0x00, 0x16, 
    0x03, 0xD0, 0x90, 0xB9, 0x07, 0x1B, 0x0D, 0x00, 0x00, 0x00, 0x41, 0x50, 
    0x5F, 0x53, 0x65, 0x6C, 0x65, 0x63, 0x74, 0x47, 0x61, 0x70, 0x00, 0x16, 
    0x0C, 0xF1, 0x31, 0x70, 0x07, 0x03, 0x16, 0x65, 0x14, 0x0B, 0x2E, 0x07, 
    0x17, 0x32, 0x00, 0xFE, 0x7F, 0x04, 0x04, 0x01, 0xCA, 0xA7, 0x19, 0x81, 
    0x7F, 0xED, 0xA4, 0x47, 0x16, 0x38, 0x58, 0x74, 0xC4, 0x07, 0x1B, 0x0B, 
    0x00, 0x00, 0x00, 0x4C, 0x6F, 0x61, 0x64, 0x69, 0x6E, 0x67, 0x2E, 0x2E, 
    0x2E, 0x00, 0x16, 0x03, 0xD0, 0x90, 0xB9, 0x07, 0x1B, 0x0D, 0x00, 0x00, 
    0x00, 0x41, 0x50, 0x5F, 0x53, 0x65, 0x6C, 0x65, 0x63, 0x74, 0x47, 0x61, 
    0x70, 0x00, 0x16, 0x0C, 0xF1, 0x31, 0x70, 0x07, 0x03, 0x16, 0x65, 0x14, 
    0x0B, 0x2E, 0x07, 0x17, 0x33, 0x00, 0xFE, 0x7F, 0x04, 0x04, 0x01, 0xCA, 
    0xA7, 0x19, 0x81, 0xC5, 0xBC, 0xAD, 0xDE, 0x16, 0x38, 0x58, 0x74, 0xC4, 
    0x07, 0x1B, 0x0B, 0x00, 0x00, 0x00, 0x4C, 0x6F, 0x61, 0x64, 0x69, 0x6E, 
    0x67, 0x2E, 0x2E, 0x2E, 0x00, 0x16, 0x03, 0xD0, 0x90, 0xB9, 0x07, 0x1B, 
    0x0D, 0x00, 0x00, 0x00, 0x41, 0x50, 0x5F, 0x53, 0x65, 0x6C, 0x65, 0x63, 
    0x74, 0x47, 0x61, 0x70, 0x00, 0x16, 0x0C, 0xF1, 0x31, 0x70, 0x07, 0x03, 
    0x16, 0x65, 0x14, 0x0B, 0x2E, 0x07, 0x17, 0x34, 0x00, 0xFE, 0x7F, 0x04, 
    0x04, 0x01, 0xCA, 0xA7, 0x19, 0x81, 0x53, 0x8C, 0xAA, 0xA9, 0x16, 0x38, 
    0x58, 0x74, 0xC4, 0x07, 0x1B, 0x0B, 0x00, 0x00, 0x00, 0x4C, 0x6F, 0x61, 
    0x64, 0x69, 0x6E, 0x67, 0x2E, 0x2E, 0x2E, 0x00, 0x16, 0x03, 0xD0, 0x90, 
    0xB9, 0x07, 0x1B, 0x0D, 0x00, 0x00, 0x00, 0x41, 0x50, 0x5F, 0x53, 0x65, 
    0x6C, 0x65, 0x63, 0x74, 0x47, 0x61, 0x70, 0x00, 0x16, 0x0C, 0xF1, 0x31, 
    0x70, 0x07, 0x03, 0x16, 0x65, 0x14, 0x0B, 0x2E, 0x07, 0x17, 0x35, 0x00, 
    0xFE, 0x7F, 0x04, 0x04, 0x01, 0xCA, 0xA7, 0x19, 0x81, 0xF0, 0x19, 0xCE, 
    0x37, 0x16, 0x38, 0x58, 0x74, 0xC4, 0x07, 0x1B, 0x0B, 0x00, 0x00, 0x00, 
    0x4C, 0x6F, 0x61, 0x64, 0x69, 0x6E, 0x67, 0x2E, 0x2E, 0x2E, 0x00, 0x16, 
    0x03, 0xD0, 0x90, 0xB9, 0x07, 0x1B, 0x0D, 0x00, 0x00, 0x00, 0x41, 0x50, 
    0x5F, 0x53, 0x65, 0x6C, 0x65, 0x63, 0x74, 0x47, 0x61, 0x70, 0x00, 0x16, 
    0x0C, 0xF1, 0x31, 0x70, 0x07, 0x03, 0x16, 0x65, 0x14, 0x0B, 0x2E, 0x07, 
    0x17, 0x36, 0x00, 0xFE, 0x7F, 0x04, 0x04, 0x01, 0xCA, 0xA7, 0x19, 0x81, 
    0x66, 0x29, 0xC9, 0x40, 0x16, 0x38, 0x58, 0x74, 0xC4, 0x07, 0x1B, 0x0B, 
    0x00, 0x00, 0x00, 0x4C, 0x6F, 0x61, 0x64, 0x69, 0x6E, 0x67, 0x2E, 0x2E, 
    0x2E, 0x00, 0x16, 0x03, 0xD0, 0x90, 0xB9, 0x07, 0x1B, 0x0D, 0x00, 0x00, 
    0x00, 0x41, 0x50, 0x5F, 0x53, 0x65, 0x6C, 0x65, 0x63, 0x74, 0x47, 0x61, 
    0x70, 0x00, 0x16, 0x0C, 0xF1, 0x31, 0x70, 0x07, 0x03, 0x16, 0x65, 0x14, 
    0x0B, 0x2E, 0x07, 0x17, 0x37, 0x00, 0xFE, 0x7F, 0x04, 0x04, 0x01, 0xCA, 
    0xA7, 0x19, 0x81, 0xDC, 0x78, 0xC0, 0xD9, 0x16, 0x38, 0x58, 0x74, 0xC4, 
    0x07, 0x1B, 0x0B, 0x00, 0x00, 0x00, 0x4C, 0x6F, 0x61, 0x64, 0x69, 0x6E, 
    0x67, 0x2E, 0x2E, 0x2E, 0x00, 0x16, 0x03, 0xD0, 0x90, 0xB9, 0x07, 0x1B, 
    0x0D, 0x00, 0x00, 0x00, 0x41, 0x50, 0x5F, 0x53, 0x65, 0x6C, 0x65, 0x63, 
    0x74, 0x47, 0x61, 0x70, 0x00, 0x16, 0x0C, 0xF1, 0x31, 0x70, 0x07, 0x03, 
    0x16, 0x65, 0x14, 0x0B, 0x2E, 0x07, 0x17, 0x38, 0x00, 0xFE, 0x7F, 0x04, 
    0x04, 0x01, 0xCA, 0xA7, 0x19, 0x81, 0x4A, 0x48, 0xC7, 0xAE, 0x16, 0x38, 
    0x58, 0x74, 0xC4, 0x07, 0x1B, 0x0B, 0x00, 0x00, 0x00, 0x4C, 0x6F, 0x61, 
    0x64, 0x69, 0x6E, 0x67, 0x2E, 0x2E, 0x2E, 0x00, 0x16, 0x03, 0xD0, 0x90, 
    0xB9, 0x07, 0x1B, 0x0D, 0x00, 0x00, 0x00, 0x41, 0x50, 0x5F, 0x53, 0x65, 
    0x6C, 0x65, 0x63, 0x74, 0x47, 0x61, 0x70, 0x00, 0x16, 0x0C, 0xF1, 0x31, 
    0x70, 0x07, 0x03, 0x16, 0x65, 0x14, 0x0B, 0x2E, 0x07, 0x17, 0x39, 0x00, 
    0xFE, 0x7F, 0x04, 0x04, 0x01, 0xCA, 0xA7, 0x19, 0x81, 0xDB, 0x55, 0x78, 
    0x3E, 0x16, 0x38, 0x58, 0x74, 0xC4, 0x07, 0x1B, 0x0B, 0x00, 0x00, 0x00, 
    0x4C, 0x6F, 0x61, 0x64, 0x69, 0x6E, 0x67, 0x2E, 0x2E, 0x2E, 0x00, 0x16, 
    0x03, 0xD0, 0x90, 0xB9, 0x07, 0x1B, 0x0D, 0x00, 0x00, 0x00, 0x41, 0x50, 
    0x5F, 0x53, 0x65, 0x6C, 0x65, 0x63, 0x74, 0x47, 0x61, 0x70, 0x00, 0x16, 
    0x0C, 0xF1, 0x31, 0x70, 0x07, 0x03, 0x16, 0x65, 0x14, 0x0B, 0x2E, 0x07, 
    0x17, 0x3A, 0x00, 0xFE, 0x7F, 0x04, 0x04, 0x01, 0xCA, 0xA7, 0x19, 0x81, 
    0x4D, 0x65, 0x7F, 0x49, 0x16, 0x38, 0x58, 0x74, 0xC4, 0x07, 0x1B, 0x0B, 
    0x00, 0x00, 0x00, 0x4C, 0x6F, 0x61, 0x64, 0x69, 0x6E, 0x67, 0x2E, 0x2E, 
    0x2E, 0x00, 0x16, 0x03, 0xD0, 0x90, 0xB9, 0x07, 0x1B, 0x0D, 0x00, 0x00, 
    0x00, 0x41, 0x50, 0x5F, 0x53, 0x65, 0x6C, 0x65, 0x63, 0x74, 0x47, 0x61, 
    0x70, 0x00, 0x16, 0x0C, 0xF1, 0x31, 0x70, 0x07, 0x03, 0x16, 0x65, 0x14, 
    0x0B, 0x2E, 0x07, 0x17, 0x3B, 0x00, 0xFE, 0x7F, 0x04, 0x04, 0x01, 0xCA, 
    0xA7, 0x19, 0x81, 0x2A, 0x8E, 0x8E, 0x1B, 0x16, 0x38, 0x58, 0x74, 0xC4, 
    0x07, 0x1B, 0x0B, 0x00, 0x00, 0x00, 0x4C, 0x6F, 0x61, 0x64, 0x69, 0x6E, 
    0x67, 0x2E, 0x2E, 0x2E, 0x00, 0x16, 0x03, 0xD0, 0x90, 0xB9, 0x07, 0x1B, 
    0x0D, 0x00, 0x00, 0x00, 0x41, 0x50, 0x5F, 0x53, 0x65, 0x6C, 0x65, 0x63, 
    0x74, 0x47, 0x61, 0x70, 0x00, 0x16, 0x0C, 0xF1, 0x31, 0x70, 0x07, 0x03, 
    0x16, 0x65, 0x14, 0x0B, 0x2E, 0x07, 0x17, 0x3C, 0x00, 0xFE, 0x7F, 0x04, 
    0x04, 0x01, 0xCA, 0xA7, 0x19, 0x81, 0xBC, 0xBE, 0x89, 0x6C, 0x16, 0x38, 
    0x58, 0x74, 0xC4, 0x07, 0x1B, 0x0B, 0x00, 0x00, 0x00, 0x4C, 0x6F, 0x61, 
    0x64, 0x69, 0x6E, 0x67, 0x2E, 0x2E, 0x2E, 0x00, 0x16, 0x03, 0xD0, 0x90, 
    0xB9, 0x07, 0x1B, 0x0D, 0x00, 0x00, 0x00, 0x41, 0x50, 0x5F, 0x53, 0x65, 
    0x6C, 0x65, 0x63, 0x74, 0x47, 0x61, 0x70, 0x00, 0x16, 0x0C, 0xF1, 0x31, 
    0x70, 0x07, 0x03, 0x16, 0x65, 0x14, 0x0B, 0x2E, 0x07, 0x17, 0x3D, 0x00, 
    0xFE, 0x7F, 0x04, 0x04, 0x01, 0xCA, 0xA7, 0x19, 0x81, 0x06, 0xEF, 0x80, 
    0xF5, 0x16, 0x38, 0x58, 0x74, 0xC4, 0x07, 0x1B, 0x0B, 0x00, 0x00, 0x00, 
    0x4C, 0x6F, 0x61, 0x64, 0x69, 0x6E, 0x67, 0x2E, 0x2E, 0x2E, 0x00, 0x16, 
    0x03, 0xD0, 0x90, 0xB9, 0x07, 0x1B, 0x0D, 0x00, 0x00, 0x00, 0x41, 0x50, 
    0x5F, 0x53, 0x65, 0x6C, 0x65, 0x63, 0x74, 0x47, 0x61, 0x70, 0x00, 0x16, 
    0x0C, 0xF1, 0x31, 0x70, 0x07, 0x03, 0x16, 0x65, 0x14, 0x0B, 0x2E, 0x07, 
    0x17, 0x3E, 0x00, 0xFE, 0x7F, 0x04, 0x04, 0x01, 0xCA, 0xA7, 0x19, 0x81, 
    0x90, 0xDF, 0x87, 0x82, 0x16, 0x38, 0x58, 0x74, 0xC4, 0x07, 0x1B, 0x0B, 
    0x00, 0x00, 0x00, 0x4C, 0x6F, 0x61, 0x64, 0x69, 0x6E, 0x67, 0x2E, 0x2E, 
    0x2E, 0x00, 0x16, 0x03, 0xD0, 0x90, 0xB9, 0x07, 0x1B, 0x0D, 0x00, 0x00, 
    0x00, 0x41, 0x50, 0x5F, 0x53, 0x65, 0x6C, 0x65, 0x63, 0x74, 0x47, 0x61, 
    0x70, 0x00, 0x16, 0x0C, 0xF1, 0x31, 0x70, 0x07, 0x03, 0x16, 0x65, 0x14, 
    0x0B, 0x2E, 0x07, 0x17, 0x3F, 0x00, 0xFE, 0x7F, 0x04, 0x04, 0x01, 0xCA, 
    0xA7, 0x19, 0x81, 0x33, 0x4A, 0xE3, 0x1C, 0x16, 0x38, 0x58, 0x74, 0xC4, 
    0x07, 0x1B, 0x0B, 0x00, 0x00, 0x00, 0x4C, 0x6F, 0x61, 0x64, 0x69, 0x6E, 
    0x67, 0x2E, 0x2E, 0x2E, 0x00, 0x16, 0x03, 0xD0, 0x90, 0xB9, 0x07, 0x1B, 
    0x0D, 0x00, 0x00, 0x00, 0x41, 0x50, 0x5F, 0x53, 0x65, 0x6C, 0x65, 0x63, 
    0x74, 0x47, 0x61, 0x70, 0x00, 0x16, 0x0C, 0xF1, 0x31, 0x70, 0x07, 0x03, 
    0x16, 0x65, 0x14, 0x0B, 0x2E, 0x07, 0x17, 0x40, 0x00, 0xFE, 0x7F, 0x04, 
    0x04, 0x01, 0xCA, 0xA7, 0x19, 0x81, 0xA5, 0x7A, 0xE4, 0x6B, 0x16, 0x38, 
    0x58, 0x74, 0xC4, 0x07, 0x1B, 0x0B, 0x00, 0x00, 0x00, 0x4C, 0x6F, 0x61, 
    0x64, 0x69, 0x6E, 0x67, 0x2E, 0x2E, 0x2E, 0x00, 0x16, 0x03, 0xD0, 0x90, 
    0xB9, 0x07, 0x1B, 0x0D, 0x00, 0x00, 0x00, 0x41, 0x50, 0x5F, 0x53, 0x65, 
    0x6C, 0x65, 0x63, 0x74, 0x47, 0x61, 0x70, 0x00, 0x16, 0x0C, 0xF1, 0x31, 
    0x70, 0x07, 0x03, 0x16, 0x65, 0x14, 0x0B, 0x2E, 0x07, 0x17, 0x41, 0x00, 
    0xFE, 0x7F, 0x04, 0x04, 0x01, 0xCA, 0xA7, 0x19, 0x81, 0x1F, 0x2B, 0xED, 
    0xF2, 0x16, 0x38, 0x58, 0x74, 0xC4, 0x07, 0x1B, 0x0B, 0x00, 0x00, 0x00, 
    0x4C, 0x6F, 0x61, 0x64, 0x69, 0x6E, 0x67, 0x2E, 0x2E, 0x2E, 0x00, 0x16, 
    0x03, 0xD0, 0x90, 0xB9, 0x07, 0x1B, 0x0D, 0x00, 0x00, 0x00, 0x41, 0x50, 
    0x5F, 0x53, 0x65, 0x6C, 0x65, 0x63, 0x74, 0x47, 0x61, 0x70, 0x00, 0x16, 
    0x0C, 0xF1, 0x31, 0x70, 0x07, 0x03, 0x16, 0x65, 0x14, 0x0B, 0x2E, 0x07, 
    0x17, 0x42, 0x00, 0xFE, 0x7F, 0x04, 0x04, 0x01, 0xCA, 0xA7, 0x19, 0x81, 
    0x89, 0x1B, 0xEA, 0x85, 0x16, 0x38, 0x58, 0x74, 0xC4, 0x07, 0x1B, 0x0B, 
    0x00, 0x00, 0x00, 0x4C, 0x6F, 0x61, 0x64, 0x69, 0x6E, 0x67, 0x2E, 0x2E, 
    0x2E, 0x00, 0x16, 0x03, 0xD0, 0x90, 0xB9, 0x07, 0x1B, 0x0D, 0x00, 0x00, 
    0x00, 0x41, 0x50, 0x5F, 0x53, 0x65, 0x6C, 0x65, 0x63, 0x74, 0x47, 0x61, 
    0x70, 0x00, 0x16, 0x0C, 0xF1, 0x31, 0x70, 0x07, 0x03, 0x16, 0x65, 0x14, 
    0x0B, 0x2E, 0x07, 0x17, 0x43, 0x00, 0xFE, 0x7F, 0x04, 0x04, 0x01, 0xCA, 
    0xA7, 0x19, 0x81, 0x18, 0x06, 0x55, 0x15, 0x16, 0x38, 0x58, 0x74, 0xC4, 
    0x07, 0x1B, 0x0B, 0x00, 0x00, 0x00, 0x4C, 0x6F, 0x61, 0x64, 0x69, 0x6E, 
    0x67, 0x2E, 0x2E, 0x2E, 0x00, 0x16, 0x03, 0xD0, 0x90, 0xB9, 0x07, 0x1B, 
    0x0D, 0x00, 0x00, 0x00, 0x41, 0x50, 0x5F, 0x53, 0x65, 0x6C, 0x65, 0x63, 
    0x74, 0x47, 0x61, 0x70, 0x00, 0x16, 0x0C, 0xF1, 0x31, 0x70, 0x07, 0x03, 
    0x16, 0x65, 0x14, 0x0B, 0x2E, 0x07, 0x17, 0x44, 0x00, 0xFE, 0x7F, 0x04, 
    0x04, 0x01, 0xCA, 0xA7, 0x19, 0x81, 0x8E, 0x36, 0x52, 0x62, 0x16, 0x38, 
    0x58, 0x74, 0xC4, 0x07, 0x1B, 0x0B, 0x00, 0x00, 0x00, 0x4C, 0x6F, 0x61, 
    0x64, 0x69, 0x6E, 0x67, 0x2E, 0x2E, 0x2E, 0x00, 0x16, 0x03, 0xD0, 0x90, 
    0xB9, 0x07, 0x1B, 0x0D, 0x00, 0x00, 0x00, 0x41, 0x50, 0x5F, 0x53, 0x65, 
    0x6C, 0x65, 0x63, 0x74, 0x47, 0x61, 0x70, 0x00, 0x16, 0x0C, 0xF1, 0x31, 
    0x70, 0x07, 0x03, 0x16, 0x65, 0x14, 0x0B, 0x2E, 0x07, 0x17, 0x45, 0x00, 
    0xFE, 0x7F, 0x04, 0x04, 0x01, 0xCA, 0xA7, 0x19, 0x81, 0x6B, 0xBF, 0x95, 
    0x02, 0x16, 0x38, 0x58, 0x74, 0xC4, 0x07, 0x1B, 0x0B, 0x00, 0x00, 0x00, 
    0x4C, 0x6F, 0x61, 0x64, 0x69, 0x6E, 0x67, 0x2E, 0x2E, 0x2E, 0x00, 0x16, 
    0x03, 0xD0, 0x90, 0xB9, 0x07, 0x1B, 0x0D, 0x00, 0x00, 0x00, 0x41, 0x50, 
    0x5F, 0x53, 0x65, 0x6C, 0x65, 0x63, 0x74, 0x47, 0x61, 0x70, 0x00, 0x16, 
    0x0C, 0xF1, 0x31, 0x70, 0x07, 0x03, 0x16, 0x65, 0x14, 0x0B, 0x2E, 0x07, 
    0x17, 0x46, 0x00, 0xFE, 0x7F, 0x04, 0x04, 0x01, 0xCA, 0xA7, 0x19, 0x81, 
    0xFD, 0x8F, 0x92, 0x75, 0x16, 0x38, 0x58, 0x74, 0xC4, 0x07, 0x1B, 0x0B, 
    0x00, 0x00, 0x00, 0x4C, 0x6F, 0x61, 0x64, 0x69, 0x6E, 0x67, 0x2E, 0x2E, 
    0x2E, 0x00, 0x16, 0x03, 0xD0, 0x90, 0xB9, 0x07, 0x1B, 0x0D, 0x00, 0x00, 
    0x00, 0x41, 0x50, 0x5F, 0x53, 0x65, 0x6C, 0x65, 0x63, 0x74, 0x47, 0x61, 
    0x70, 0x00, 0x16, 0x0C, 0xF1, 0x31, 0x70, 0x07, 0x03, 0x16, 0x65, 0x14, 
    0x0B, 0x2E, 0x07, 0x17, 0x47, 0x00, 0xFE, 0x7F, 0x04, 0x04, 0x01, 0xCA, 
    0xA7, 0x19, 0x81, 0x47, 0xDE, 0x9B, 0xEC, 0x16, 0x38, 0x58, 0x74, 0xC4, 
    0x07, 0x1B, 0x0B, 0x00, 0x00, 0x00, 0x4C, 0x6F, 0x61, 0x64, 0x69, 0x6E, 
    0x67, 0x2E, 0x2E, 0x2E, 0x00, 0x16, 0x03, 0xD0, 0x90, 0xB9, 0x07, 0x1B, 
    0x0D, 0x00, 0x00, 0x00, 0x41, 0x50, 0x5F, 0x53, 0x65, 0x6C, 0x65, 0x63, 
    0x74, 0x47, 0x61, 0x70, 0x00, 0x16, 0x0C, 0xF1, 0x31, 0x70, 0x07, 0x03, 
    0x16, 0x65, 0x14, 0x0B, 0x2E, 0x07, 0x17, 0x48, 0x00, 0xFE, 0x7F, 0x04, 
    0x04, 0x01, 0xCA, 0xA7, 0x19, 0x81, 0xD1, 0xEE, 0x9C, 0x9B, 0x16, 0x38, 
    0x58, 0x74, 0xC4, 0x07, 0x1B, 0x0B, 0x00, 0x00, 0x00, 0x4C, 0x6F, 0x61, 
    0x64, 0x69, 0x6E, 0x67, 0x2E, 0x2E, 0x2E, 0x00, 0x16, 0x03, 0xD0, 0x90, 
    0xB9, 0x07, 0x1B, 0x0D, 0x00, 0x00, 0x00, 0x41, 0x50, 0x5F, 0x53, 0x65, 
    0x6C, 0x65, 0x63, 0x74, 0x47, 0x61, 0x70, 0x00, 0x16, 0x0C, 0xF1, 0x31, 
    0x70, 0x07, 0x03, 0x16, 0x65, 0x14, 0x0B, 0x2E, 0x07, 0x17, 0x49, 0x00, 
    0xFE, 0x7F, 0x04, 0x04, 0x01, 0xCA, 0xA7, 0x19, 0x81, 0x72, 0x7B, 0xF8, 
    0x05, 0x16, 0x38, 0x58, 0x74, 0xC4, 0x07, 0x1B, 0x0B, 0x00, 0x00, 0x00, 
    0x4C, 0x6F, 0x61, 0x64, 0x69, 0x6E, 0x67, 0x2E, 0x2E, 0x2E, 0x00, 0x16, 
    0x03, 0xD0, 0x90, 0xB9, 0x07, 0x1B, 0x0D, 0x00, 0x00, 0x00, 0x41, 0x50, 
    0x5F, 0x53, 0x65, 0x6C, 0x65, 0x63, 0x74, 0x47, 0x61, 0x70, 0x00, 0x16, 
    0x0C, 0xF1, 0x31, 0x70, 0x07, 0x03, 0x16, 0x65, 0x14, 0x0B, 0x2E, 0x07, 
    0x17, 0x4A, 0x00, 0xFE, 0x7F, 0x04, 0x04, 0x01, 0xCA, 0xA7, 0x19, 0x81, 
    0xE4, 0x4B, 0xFF, 0x72, 0x16, 0x38, 0x58, 0x74, 0xC4, 0x07, 0x1B, 0x0B, 
    0x00, 0x00, 0x00, 0x4C, 0x6F, 0x61, 0x64, 0x69, 0x6E, 0x67, 0x2E, 0x2E, 
    0x2E, 0x00, 0x16, 0x03, 0xD0, 0x90, 0xB9, 0x07, 0x1B, 0x0D, 0x00, 0x00, 
    0x00, 0x41, 0x50, 0x5F, 0x53, 0x65, 0x6C, 0x65, 0x63, 0x74, 0x47, 0x61, 
    0x70, 0x00, 0x16, 0x0C, 0xF1, 0x31, 0x70, 0x07, 0x03, 0x16, 0x65, 0x14, 
    0x0B, 0x2E, 0x07, 0x17, 0x4B, 0x00, 0xFE, 0x7F, 0x04, 0x04, 0x01, 0xCA, 
    0xA7, 0x19, 0x81, 0x5E, 0x1A, 0xF6, 0xEB, 0x16, 0x38, 0x58, 0x74, 0xC4, 
    0x07, 0x1B, 0x0B, 0x00, 0x00, 0x00, 0x4C, 0x6F, 0x61, 0x64, 0x69, 0x6E, 
    0x67, 0x2E, 0x2E, 0x2E, 0x00, 0x16, 0x03, 0xD0, 0x90, 0xB9, 0x07, 0x1B, 
    0x0D, 0x00, 0x00, 0x00, 0x41, 0x50, 0x5F, 0x53, 0x65, 0x6C, 0x65, 0x63, 
    0x74, 0x47, 0x61, 0x70, 0x00, 0x16, 0x0C, 0xF1, 0x31, 0x70, 0x07, 0x03, 
    0x16, 0x65, 0x14, 0x0B, 0x2E, 0x07, 0x17, 0x4C, 0x00, 0xFE, 0x7F, 0x04, 
    0x04, 0x01, 0xCA, 0xA7, 0x19, 0x81, 0xC8, 0x2A, 0xF1, 0x9C, 0x16, 0x38, 
    0x58, 0x74, 0xC4, 0x07, 0x1B, 0x0B, 0x00, 0x00, 0x00, 0x4C, 0x6F, 0x61, 
    0x64, 0x69, 0x6E, 0x67, 0x2E, 0x2E, 0x2E, 0x00, 0x16, 0x03, 0xD0, 0x90, 
    0xB9, 0x07, 0x1B, 0x0D, 0x00, 0x00, 0x00, 0x41, 0x50, 0x5F, 0x53, 0x65, 
    0x6C, 0x65, 0x63, 0x74, 0x47, 0x61, 0x70, 0x00, 0x16, 0x0C, 0xF1, 0x31, 
    0x70, 0x07, 0x03, 0x16, 0x65, 0x14, 0x0B, 0x2E, 0x07, 0x17, 0x4D, 0x00, 
    0xFE, 0x7F, 0x04, 0x04, 0x01, 0xCA, 0xA7, 0x19, 0x81, 0x59, 0x37, 0x4E, 
    0x0C, 0x16, 0x38, 0x58, 0x74, 0xC4, 0x07, 0x1B, 0x0B, 0x00, 0x00, 0x00, 
    0x4C, 0x6F, 0x61, 0x64, 0x69, 0x6E, 0x67, 0x2E, 0x2E, 0x2E, 0x00, 0x16, 
    0x03, 0xD0, 0x90, 0xB9, 0x07, 0x1B, 0x0D, 0x00, 0x00, 0x00, 0x41, 0x50, 
    0x5F, 0x53, 0x65, 0x6C, 0x65, 0x63, 0x74, 0x47, 0x61, 0x70, 0x00, 0x16, 
    0x0C, 0xF1, 0x31, 0x70, 0x07, 0x03, 0x16, 0x65, 0x14, 0x0B, 0x2E, 0x07, 
    0x17, 0x4E, 0x00, 0xFE, 0x7F, 0x04, 0x04, 0x01, 0xCA, 0xA7, 0x19, 0x81, 
    0xCF, 0x07, 0x49, 0x7B, 0x16, 0x38, 0x58, 0x74, 0xC4, 0x07, 0x1B, 0x0B, 
    0x00, 0x00, 0x00, 0x4C, 0x6F, 0x61, 0x64, 0x69, 0x6E, 0x67, 0x2E, 0x2E, 
    0x2E, 0x00, 0x16, 0x03, 0xD0, 0x90, 0xB9, 0x07, 0x1B, 0x0D, 0x00, 0x00, 
    0x00, 0x41, 0x50, 0x5F, 0x53, 0x65, 0x6C, 0x65, 0x63, 0x74, 0x47, 0x61, 
    0x70, 0x00, 0x16, 0x0C, 0xF1, 0x31, 0x70, 0x07, 0x03, 0x16, 0x65, 0x14, 
    0x0B, 0x2E, 0x07, 0x17, 0x4F, 0x00, 0xFE, 0x7F, 0x04, 0x04, 0x01, 0xCA, 
    0xA7, 0x19, 0x81, 0xA4, 0xA3, 0x0D, 0x85, 0x16, 0x38, 0x58, 0x74, 0xC4, 
    0x07, 0x1B, 0x0B, 0x00, 0x00, 0x00, 0x4C, 0x6F, 0x61, 0x64, 0x69, 0x6E, 
    0x67, 0x2E, 0x2E, 0x2E, 0x00, 0x16, 0x03, 0xD0, 0x90, 0xB9, 0x07, 0x1B, 
    0x0D, 0x00, 0x00, 0x00, 0x41, 0x50, 0x5F, 0x53, 0x65, 0x6C, 0x65, 0x63, 
    0x74, 0x47, 0x61, 0x70, 0x00, 0x16, 0x0C, 0xF1, 0x31, 0x70, 0x07, 0x03, 
    0x16, 0x65, 0x14, 0x0B, 0x2E, 0x07, 0x17, 0x50, 0x00, 0xFE, 0x7F, 0x04, 
    0x04, 0x01, 0xCA, 0xA7, 0x19, 0x81, 0x32, 0x93, 0x0A, 0xF2, 0x16, 0x38, 
    0x58, 0x74, 0xC4, 0x07, 0x1B, 0x0B, 0x00, 0x00, 0x00, 0x4C, 0x6F, 0x61, 
    0x64, 0x69, 0x6E, 0x67, 0x2E, 0x2E, 0x2E, 0x00, 0x16, 0x03, 0xD0, 0x90, 
    0xB9, 0x07, 0x1B, 0x0D, 0x00, 0x00, 0x00, 0x41, 0x50, 0x5F, 0x53, 0x65, 
    0x6C, 0x65, 0x63, 0x74, 0x47, 0x61, 0x70, 0x00, 0x16, 0x0C, 0xF1, 0x31, 
    0x70, 0x07, 0x03, 0x16, 0x65, 0x14, 0x0B, 0x2E, 0x07, 0x17, 0x51, 0x00, 
    0xFE, 0x7F, 0x04, 0x04, 0x01, 0xCA, 0xA7, 0x19, 0x81, 0x88, 0xC2, 0x03, 
    0x6B, 0x16, 0x38, 0x58, 0x74, 0xC4, 0x07, 0x1B, 0x0B, 0x00, 0x00, 0x00, 
    0x4C, 0x6F, 0x61, 0x64, 0x69, 0x6E, 0x67, 0x2E, 0x2E, 0x2E, 0x00, 0x16, 
    0x03, 0xD0, 0x90, 0xB9, 0x07, 0x1B, 0x0D, 0x00, 0x00, 0x00, 0x41, 0x50, 
    0x5F, 0x53, 0x65, 0x6C, 0x65, 0x63, 0x74, 0x47, 0x61, 0x70, 0x00, 0x16, 
    0x0C, 0xF1, 0x31, 0x70, 0x07, 0x03, 0x16, 0x65, 0x14, 0x0B, 0x2E, 0x07, 
    0x17, 0x52, 0x00, 0xFE, 0x7F, 0x04, 0x04, 0x01, 0xCA, 0xA7, 0x19, 0x81, 
    0x1E, 0xF2, 0x04, 0x1C, 0x16, 0x38, 0x58, 0x74, 0xC4, 0x07, 0x1B, 0x0B, 
    0x00, 0x00, 0x00, 0x4C, 0x6F, 0x61, 0x64, 0x69, 0x6E, 0x67, 0x2E, 0x2E, 
    0x2E, 0x00, 0x16, 0x03, 0xD0, 0x90, 0xB9, 0x07, 0x1B, 0x0D, 0x00, 0x00, 
    0x00, 0x41, 0x50, 0x5F, 0x53, 0x65, 0x6C, 0x65, 0x63, 0x74, 0x47, 0x61, 
    0x70, 0x00, 0x16, 0x0C, 0xF1, 0x31, 0x70, 0x07, 0x03, 0x16, 0x65, 0x14, 
    0x0B, 0x2E, 0x07, 0x17, 0x53, 0x00, 0xFE, 0x7F, 0x04, 0x04, 0x01, 0xCA, 
    0xA7, 0x19, 0x81, 0xBD, 0x67, 0x60, 0x82, 0x16, 0x38, 0x58, 0x74, 0xC4, 
    0x07, 0x1B, 0x0B, 0x00, 0x00, 0x00, 0x4C, 0x6F, 0x61, 0x64, 0x69, 0x6E, 
    0x67, 0x2E, 0x2E, 0x2E, 0x00, 0x16, 0x03, 0xD0, 0x90, 0xB9, 0x07, 0x1B, 
    0x0D, 0x00, 0x00, 0x00, 0x41, 0x50, 0x5F, 0x53, 0x65, 0x6C, 0x65, 0x63, 
    0x74, 0x47, 0x61, 0x70, 0x00, 0x16, 0x0C, 0xF1, 0x31, 0x70, 0x07, 0x03, 
    0x16, 0x65, 0x14, 0x0B, 0x2E, 0x07, 0x17, 0x54, 0x00, 0xFE, 0x7F, 0x04, 
    0x04, 0x01, 0xCA, 0xA7, 0x19, 0x81, 0x2B, 0x57, 0x67, 0xF5, 0x16, 0x38, 
    0x58, 0x74, 0xC4, 0x07, 0x1B, 0x0B, 0x00, 0x00, 0x00, 0x4C, 0x6F, 0x61, 
    0x64, 0x69, 0x6E, 0x67, 0x2E, 0x2E, 0x2E, 0x00, 0x16, 0x03, 0xD0, 0x90, 
    0xB9, 0x07, 0x1B, 0x0D, 0x00, 0x00, 0x00, 0x41, 0x50, 0x5F, 0x53, 0x65, 
    0x6C, 0x65, 0x63, 0x74, 0x47, 0x61, 0x70, 0x00, 0x16, 0x0C, 0xF1, 0x31, 
    0x70, 0x07, 0x03, 0x16, 0x65, 0x14, 0x0B, 0x2E, 0x07, 0x17, 0x55, 0x00, 
    0xFE, 0x7F, 0x04, 0x04, 0x01, 0xCA, 0xA7, 0x19, 0x81, 0x91, 0x06, 0x6E, 
    0x6C, 0x16, 0x38, 0x58, 0x74, 0xC4, 0x07, 0x1B, 0x0B, 0x00, 0x00, 0x00, 
    0x4C, 0x6F, 0x61, 0x64, 0x69, 0x6E, 0x67, 0x2E, 0x2E, 0x2E, 0x00, 0x16, 
    0x03, 0xD0, 0x90, 0xB9, 0x07, 0x1B, 0x0D, 0x00, 0x00, 0x00, 0x41, 0x50, 
    0x5F, 0x53, 0x65, 0x6C, 0x65, 0x63, 0x74, 0x47, 0x61, 0x70, 0x00, 0x16, 
    0x0C, 0xF1, 0x31, 0x70, 0x07, 0x03, 0x16, 0x65, 0x14, 0x0B, 0x2E, 0x07, 
    0x17, 0x56, 0x00, 0xFE, 0x7F, 0x04, 0x04, 0x01, 0xCA, 0xA7, 0x19, 0x81, 
    0x07, 0x36, 0x69, 0x1B, 0x16, 0x38, 0x58, 0x74, 0xC4, 0x07, 0x1B, 0x0B, 
    0x00, 0x00, 0x00, 0x4C, 0x6F, 0x61, 0x64, 0x69, 0x6E, 0x67, 0x2E, 0x2E, 
    0x2E, 0x00, 0x16, 0x03, 0xD0, 0x90, 0xB9, 0x07, 0x1B, 0x0D, 0x00, 0x00, 
    0x00, 0x41, 0x50, 0x5F, 0x53, 0x65, 0x6C, 0x65, 0x63, 0x74, 0x47, 0x61, 
    0x70, 0x00, 0x16, 0x0C, 0xF1, 0x31, 0x70, 0x07, 0x03, 0x16, 0x65, 0x14, 
    0x0B, 0x2E, 0x07, 0x17, 0x57, 0x00, 0xFE, 0x7F, 0x04, 0x04, 0x01, 0xCA, 
    0xA7, 0x19, 0x81, 0x96, 0x2B, 0xD6, 0x8B, 0x16, 0x38, 0x58, 0x74, 0xC4, 
    0x07, 0x1B, 0x0B, 0x00, 0x00, 0x00, 0x4C, 0x6F, 0x61, 0x64, 0x69, 0x6E, 
    0x67, 0x2E, 0x2E, 0x2E, 0x00, 0x16, 0x03, 0xD0, 0x90, 0xB9, 0x07, 0x1B, 
    0x0D, 0x00, 0x00, 0x00, 0x41, 0x50, 0x5F, 0x53, 0x65, 0x6C, 0x65, 0x63, 
    0x74, 0x47, 0x61, 0x70, 0x00, 0x16, 0x0C, 0xF1, 0x31, 0x70, 0x07, 0x03, 
    0x16, 0x65, 0x14, 0x0B, 0x2E, 0x07, 0x17, 0x58, 0x00, 0xFE, 0x7F, 0x04, 
    0x04, 0x01, 0xCA, 0xA7, 0x19, 0x81, 0x00, 0x1B, 0xD1, 0xFC, 0x16, 0x38, 
    0x58, 0x74, 0xC4, 0x07, 0x1B, 0x0B, 0x00, 0x00, 0x00, 0x4C, 0x6F, 0x61, 
    0x64, 0x69, 0x6E, 0x67, 0x2E, 0x2E, 0x2E, 0x00, 0x16, 0x03, 0xD0, 0x90, 
    0xB9, 0x07, 0x1B, 0x0D, 0x00, 0x00, 0x00, 0x41, 0x50, 0x5F, 0x53, 0x65, 
    0x6C, 0x65, 0x63, 0x74, 0x47, 0x61, 0x70, 0x00, 0x16, 0x0C, 0xF1, 0x31, 
    0x70, 0x07, 0x03, 0x16, 0x65, 0x14, 0x0B, 0x2E, 0x07, 0x17, 0x59, 0x00, 
    0xFE, 0x7F, 0x04, 0x04, 0x01, 0xCA, 0xA7, 0x19, 0x81, 0xE5, 0x92, 0x16, 
    0x9C, 0x16, 0x38, 0x58, 0x74, 0xC4, 0x07, 0x1B, 0x0B, 0x00, 0x00, 0x00, 
    0x4C, 0x6F, 0x61, 0x64, 0x69, 0x6E, 0x67, 0x2E, 0x2E, 0x2E, 0x00, 0x16, 
    0x03, 0xD0, 0x90, 0xB9, 0x07, 0x1B, 0x0D, 0x00, 0x00, 0x00, 0x41, 0x50, 
    0x5F, 0x53, 0x65, 0x6C, 0x65, 0x63, 0x74, 0x47, 0x61, 0x70, 0x00, 0x16, 
    0x0C, 0xF1, 0x31, 0x70, 0x07, 0x03, 0x16, 0x65, 0x14, 0x0B, 0x2E, 0x07, 
    0x17, 0x5A, 0x00, 0xFE, 0x7F, 0x04, 0x04, 0x01, 0xCA, 0xA7, 0x19, 0x81, 
    0x73, 0xA2, 0x11, 0xEB, 0x16, 0x38, 0x58, 0x74, 0xC4, 0x07, 0x1B, 0x0B, 
    0x00, 0x00, 0x00, 0x4C, 0x6F, 0x61, 0x64, 0x69, 0x6E, 0x67, 0x2E, 0x2E, 
    0x2E, 0x00, 0x16, 0x03, 0xD0, 0x90, 0xB9, 0x07, 0x1B, 0x0D, 0x00, 0x00, 
    0x00, 0x41, 0x50, 0x5F, 0x53, 0x65, 0x6C, 0x65, 0x63, 0x74, 0x47, 0x61, 
    0x70, 0x00, 0x16, 0x0C, 0xF1, 0x31, 0x70, 0x07, 0x03, 0x16, 0x65, 0x14, 
    0x0B, 0x2E, 0x07, 0x17, 0x5B, 0x00, 0xFE, 0x7F, 0x04, 0x04, 0x01, 0xCA, 
    0xA7, 0x19, 0x81, 0xC9, 0xF3, 0x18, 0x72, 0x16, 0x38, 0x58, 0x74, 0xC4, 
    0x07, 0x1B, 0x0B, 0x00, 0x00, 0x00, 0x4C, 0x6F, 0x61, 0x64, 0x69, 0x6E, 
    0x67, 0x2E, 0x2E, 0x2E, 0x00, 0x16, 0x03, 0xD0, 0x90, 0xB9, 0x07, 0x1B, 
    0x0D, 0x00, 0x00, 0x00, 0x41, 0x50, 0x5F, 0x53, 0x65, 0x6C, 0x65, 0x63, 
    0x74, 0x47, 0x61, 0x70, 0x00, 0x16, 0x0C, 0xF1, 0x31, 0x70, 0x07, 0x03, 
    0x16, 0x65, 0x14, 0x0B, 0x2E, 0x07, 0x17, 0x5C, 0x00, 0xFE, 0x7F, 0x04, 
    0x04, 0x01, 0xCA, 0xA7, 0x19, 0x81, 0x5F, 0xC3, 0x1F, 0x05, 0x16, 0x38, 
    0x58, 0x74, 0xC4, 0x07, 0x1B, 0x0B, 0x00, 0x00, 0x00, 0x4C, 0x6F, 0x61, 
    0x64, 0x69, 0x6E, 0x67, 0x2E, 0x2E, 0x2E, 0x00, 0x16, 0x03, 0xD0, 0x90, 
    0xB9, 0x07, 0x1B, 0x0D, 0x00, 0x00, 0x00, 0x41, 0x50, 0x5F, 0x53, 0x65, 
    0x6C, 0x65, 0x63, 0x74, 0x47, 0x61, 0x70, 0x00, 0x16, 0x0C, 0xF1, 0x31, 
    0x70, 0x07, 0x03, 0x16, 0x65, 0x14, 0x0B, 0x2E, 0x07, 0x17, 0x5D, 0x00, 
    0xFE, 0x7F, 0x04, 0x04, 0x01, 0xCA, 0xA7, 0x19, 0x81, 0xFC, 0x56, 0x7B, 
    0x9B, 0x16, 0x38, 0x58, 0x74, 0xC4, 0x07, 0x1B, 0x0B, 0x00, 0x00, 0x00, 
    0x4C, 0x6F, 0x61, 0x64, 0x69, 0x6E, 0x67, 0x2E, 0x2E, 0x2E, 0x00, 0x16, 
    0x03, 0xD0, 0x90, 0xB9, 0x07, 0x1B, 0x0D, 0x00, 0x00, 0x00, 0x41, 0x50, 
    0x5F, 0x53, 0x65, 0x6C, 0x65, 0x63, 0x74, 0x47, 0x61, 0x70, 0x00, 0x16, 
    0x0C, 0xF1, 0x31, 0x70, 0x07, 0x03, 0x16, 0x65, 0x14, 0x0B, 0x2E, 0x07, 
    0x17, 0x5E, 0x00, 0xFE, 0x7F, 0x04, 0x04, 0x01, 0xCA, 0xA7, 0x19, 0x81, 
    0x6A, 0x66, 0x7C, 0xEC, 0x16, 0x38, 0x58, 0x74, 0xC4, 0x07, 0x1B, 0x0B, 
    0x00, 0x00, 0x00, 0x4C, 0x6F, 0x61, 0x64, 0x69, 0x6E, 0x67, 0x2E, 0x2E, 
    0x2E, 0x00, 0x16, 0x03, 0xD0, 0x90, 0xB9, 0x07, 0x1B, 0x0D, 0x00, 0x00, 
    0x00, 0x41, 0x50, 0x5F, 0x53, 0x65, 0x6C, 0x65, 0x63, 0x74, 0x47, 0x61, 
    0x70, 0x00, 0x16, 0x0C, 0xF1, 0x31, 0x70, 0x07, 0x03, 0x16, 0x65, 0x14, 
    0x0B, 0x2E, 0x07, 0x17, 0x5F, 0x00, 0xFE, 0x7F, 0x04, 0x04, 0x01, 0xCA, 
    0xA7, 0x19, 0x81, 0xD0, 0x37, 0x75, 0x75, 0x16, 0x38, 0x58, 0x74, 0xC4, 
    0x07, 0x1B, 0x0B, 0x00, 0x00, 0x00, 0x4C, 0x6F, 0x61, 0x64, 0x69, 0x6E, 
    0x67, 0x2E, 0x2E, 0x2E, 0x00, 0x16, 0x03, 0xD0, 0x90, 0xB9, 0x07, 0x1B, 
    0x0D, 0x00, 0x00, 0x00, 0x41, 0x50, 0x5F, 0x53, 0x65, 0x6C, 0x65, 0x63, 
    0x74, 0x47, 0x61, 0x70, 0x00, 0x16, 0x0C, 0xF1, 0x31, 0x70, 0x07, 0x03, 
    0x16, 0x65, 0x14, 0x0B, 0x2E, 0x07, 0x17, 0x60, 0x00, 0xFE, 0x7F, 0x04, 
    0x04, 0x01, 0xCA, 0xA7, 0x19, 0x81, 0x46, 0x07, 0x72, 0x02, 0x16, 0x38, 
    0x58, 0x74, 0xC4, 0x07, 0x1B, 0x0B, 0x00, 0x00, 0x00, 0x4C, 0x6F, 0x61, 
    0x64, 0x69, 0x6E, 0x67, 0x2E, 0x2E, 0x2E, 0x00, 0x16, 0x03, 0xD0, 0x90, 
    0xB9, 0x07, 0x1B, 0x0D, 0x00, 0x00, 0x00, 0x41, 0x50, 0x5F, 0x53, 0x65, 
    0x6C, 0x65, 0x63, 0x74, 0x47, 0x61, 0x70, 0x00, 0x16, 0x0C, 0xF1, 0x31, 
    0x70, 0x07, 0x03, 0x16, 0x65, 0x14, 0x0B, 0x2E, 0x07, 0x17, 0x61, 0x00, 
    0xFE, 0x7F, 0x04, 0x04, 0x01, 0xCA, 0xA7, 0x19, 0x81, 0xD7, 0x1A, 0xCD, 
    0x92, 0x16, 0x38, 0x58, 0x74, 0xC4, 0x07, 0x1B, 0x0B, 0x00, 0x00, 0x00, 
    0x4C, 0x6F, 0x61, 0x64, 0x69, 0x6E, 0x67, 0x2E, 0x2E, 0x2E, 0x00, 0x16, 
    0x03, 0xD0, 0x90, 0xB9, 0x07, 0x1B, 0x0D, 0x00, 0x00, 0x00, 0x41, 0x50, 
    0x5F, 0x53, 0x65, 0x6C, 0x65, 0x63, 0x74, 0x47, 0x61, 0x70, 0x00, 0x16, 
    0x0C, 0xF1, 0x31, 0x70, 0x07, 0x03, 0x16, 0x65, 0x14, 0x0B, 0x2E, 0x07, 
    0x17, 0x62, 0x00, 0xFE, 0x7F, 0x04, 0x04, 0x01, 0xCA, 0xA7, 0x19, 0x81, 
    0x41, 0x2A, 0xCA, 0xE5, 0x16, 0x38, 0x58, 0x74, 0xC4, 0x07, 0x1B, 0x0B, 
    0x00, 0x00, 0x00, 0x4C, 0x6F, 0x61, 0x64, 0x69, 0x6E, 0x67, 0x2E, 0x2E, 
    0x2E, 0x00, 0x16, 0x03, 0xD0, 0x90, 0xB9, 0x07, 0x1B, 0x0D, 0x00, 0x00, 
    0x00, 0x41, 0x50, 0x5F, 0x53, 0x65, 0x6C, 0x65, 0x63, 0x74, 0x47, 0x61, 
    0x70, 0x00, 0x16, 0x0C, 0xF1, 0x31, 0x70, 0x07, 0x03, 0x16, 0x65, 0x14, 
    0x0B, 0x2E, 0x07, 0x17, 0x63, 0x00, 0xFE, 0x7F, 0x04, 0x04, 0x01, 0xCA, 
    0xA7, 0x19, 0x81, 0x9B, 0x43, 0x16, 0x4C, 0x16, 0x38, 0x58, 0x74, 0xC4, 
    0x07, 0x1B, 0x0B, 0x00, 0x00, 0x00, 0x4C, 0x6F, 0x61, 0x64, 0x69, 0x6E, 
    0x67, 0x2E, 0x2E, 0x2E, 0x00, 0x16, 0x03, 0xD0, 0x90, 0xB9, 0x07, 0x1B, 
    0x0D, 0x00, 0x00, 0x00, 0x41, 0x50, 0x5F, 0x53, 0x65, 0x6C, 0x65, 0x63, 
    0x74, 0x47, 0x61, 0x70, 0x00, 0x16, 0x0C, 0xF1, 0x31, 0x70, 0x07, 0x03, 
    0x16, 0x65, 0x14, 0x0B, 0x2E, 0x07, 0x17, 0x64, 0x00, 0xFE, 0x7F, 0x04, 
    0x04, 0x01, 0xCA, 0xA7, 0x19, 0x81, 0x0D, 0x73, 0x11, 0x3B, 0x16, 0x38, 
    0x58, 0x74, 0xC4, 0x07, 0x1B, 0x0B, 0x00, 0x00, 0x00, 0x4C, 0x6F, 0x61, 
    0x64, 0x69, 0x6E, 0x67, 0x2E, 0x2E, 0x2E, 0x00, 0x16, 0x03, 0xD0, 0x90, 
    0xB9, 0x07, 0x1B, 0x0D, 0x00, 0x00, 0x00, 0x41, 0x50, 0x5F, 0x53, 0x65, 
    0x6C, 0x65, 0x63, 0x74, 0x47, 0x61, 0x70, 0x00, 0x16, 0x0C, 0xF1, 0x31, 
    0x70, 0x07, 0x03, 0x16, 0x65, 0x14, 0x0B, 0x2E, 0x07, 0x17, 0x65, 0x00, 
    0xFE, 0x7F, 0x04, 0x04, 0x01, 0xCA, 0xA7, 0x19, 0x81, 0xB7, 0x22, 0x18, 
    0xA2, 0x16, 0x38, 0x58, 0x74, 0xC4, 0x07, 0x1B, 0x0B, 0x00, 0x00, 0x00, 
    0x4C, 0x6F, 0x61, 0x64, 0x69, 0x6E, 0x67, 0x2E, 0x2E, 0x2E, 0x00, 0x16, 
    0x03, 0xD0, 0x90, 0xB9, 0x07, 0x1B, 0x0D, 0x00, 0x00, 0x00, 0x41, 0x50, 
    0x5F, 0x53, 0x65, 0x6C, 0x65, 0x63, 0x74, 0x47, 0x61, 0x70, 0x00, 0x16, 
    0x0C, 0xF1, 0x31, 0x70, 0x07, 0x03, 0x16, 0x65, 0x14, 0x0B, 0x2E, 0x07, 
    0x17, 0x66, 0x00, 0xFE, 0x7F, 0x04, 0x04, 0x01, 0xCA, 0xA7, 0x19, 0x81, 
    0x21, 0x12, 0x1F, 0xD5, 0x16, 0x38, 0x58, 0x74, 0xC4, 0x07, 0x1B, 0x0B, 
    0x00, 0x00, 0x00, 0x4C, 0x6F, 0x61, 0x64, 0x69, 0x6E, 0x67, 0x2E, 0x2E, 
    0x2E, 0x00, 0x16, 0x03, 0xD0, 0x90, 0xB9, 0x07, 0x1B, 0x0D, 0x00, 0x00, 
    0x00, 0x41, 0x50, 0x5F, 0x53, 0x65, 0x6C, 0x65, 0x63, 0x74, 0x47, 0x61, 
    0x70, 0x00, 0x16, 0x0C, 0xF1, 0x31, 0x70, 0x07, 0x03, 0x16, 0x65, 0x14, 
    0x0B, 0x2E, 0x07, 0x17, 0x67, 0x00, 0xFE, 0x7F, 0x04, 0x04, 0x01, 0xCA, 
    0xA7, 0x19, 0x81, 0x82, 0x87, 0x7B, 0x4B, 0x16, 0x38, 0x58, 0x74, 0xC4, 
    0x07, 0x1B, 0x0B, 0x00, 0x00, 0x00, 0x4C, 0x6F, 0x61, 0x64, 0x69, 0x6E, 
    0x67, 0x2E, 0x2E, 0x2E, 0x00, 0x16, 0x03, 0xD0, 0x90, 0xB9, 0x07, 0x1B, 
    0x0D, 0x00, 0x00, 0x00, 0x41, 0x50, 0x5F, 0x53, 0x65, 0x6C, 0x65, 0x63, 
    0x74, 0x47, 0x61, 0x70, 0x00, 0x16, 0x0C, 0xF1, 0x31, 0x70, 0x07, 0x03, 
    0x16, 0x65, 0x14, 0x0B, 0x2E, 0x07, 0x17, 0x68, 0x00, 0xFE, 0x7F, 0x04, 
    0x04, 0x01, 0xCA, 0xA7, 0x19, 0x81, 0x14, 0xB7, 0x7C, 0x3C, 0x16, 0x38, 
    0x58, 0x74, 0xC4, 0x07, 0x1B, 0x0B, 0x00, 0x00, 0x00, 0x4C, 0x6F, 0x61, 
    0x64, 0x69, 0x6E, 0x67, 0x2E, 0x2E, 0x2E, 0x00, 0x16, 0x03, 0xD0, 0x90, 
    0xB9, 0x07, 0x1B, 0x0D, 0x00, 0x00, 0x00, 0x41, 0x50, 0x5F, 0x53, 0x65, 
    0x6C, 0x65, 0x63, 0x74, 0x47, 0x61, 0x70, 0x00, 0x16, 0x0C, 0xF1, 0x31, 
    0x70, 0x07, 0x03, 0x16, 0x65, 0x14, 0x0B, 0x2E, 0x07, 0x17, 0x69, 0x00, 
    0xFE, 0x7F, 0x04, 0x04, 0x01, 0xCA, 0xA7, 0x19, 0x81, 0xAE, 0xE6, 0x75, 
    0xA5, 0x16, 0x38, 0x58, 0x74, 0xC4, 0x07, 0x1B, 0x0B, 0x00, 0x00, 0x00, 
    0x4C, 0x6F, 0x61, 0x64, 0x69, 0x6E, 0x67, 0x2E, 0x2E, 0x2E, 0x00, 0x16, 
    0x03, 0xD0, 0x90, 0xB9, 0x07, 0x1B, 0x0D, 0x00, 0x00, 0x00, 0x41, 0x50, 
    0x5F, 0x53, 0x65, 0x6C, 0x65, 0x63, 0x74, 0x47, 0x61, 0x70, 0x00, 0x16, 
    0x0C, 0xF1, 0x31, 0x70, 0x07, 0x03, 0x16, 0x65, 0x14, 0x0B, 0x2E, 0x07, 
    0x17, 0x6A, 0x00, 0xFE, 0x7F, 0x04, 0x04, 0x01, 0xCA, 0xA7, 0x65, 0x81, 
    0x56, 0xBF, 0x5F, 0xC6, 0x16, 0x38, 0x58, 0x74, 0xC4, 0x07, 0x1B, 0x05, 
    0x00, 0x00, 0x00, 0x42, 0x61, 0x63, 0x6B, 0x00, 0x16, 0x0E, 0x66, 0x53, 
    0xC9, 0x07, 0x16, 0x40, 0xA9, 0xEF, 0x69, 0x04, 0x01, 0x06, 0x01, 0x04, 
    0x01, 0x23, 0x16, 0x5F, 0xB3, 0x5E, 0x9F, 0x01, 0x16, 0x09, 0x63, 0xEB, 
    0xFA, 0x16, 0x65, 0x14, 0x0B, 0x2E, 0x07, 0x2D, 0x16, 0x65, 0x14, 0x0B, 
    0x2E, 0x01, 0x24, 0x01, 0x23, 0x16, 0x37, 0x0A, 0x7E, 0xF3, 0x01, 0x16, 
    0x09, 0x63, 0xEB, 0xFA, 0x16, 0x65, 0x14, 0x0B, 0x2E, 0x07, 0x17, 0xFD, 
    0xFF, 0xFF, 0x7F, 0x01, 0x24, 0x01, 0x2E, 0x1D, 0x81, 0x7E, 0x78, 0x80, 
    0xD6, 0x55, 0xCB, 0x51, 0x92, 0x80, 0x48, 0xDA, 0xA3, 0x41, 0x50, 0x47, 
    0x61, 0x70, 0x52, 0x6F, 0x77, 0x30, 0x30, 0x32, 0x00, 0x2B, 0x2A, 0x8E, 
    0x8E, 0x1B, 0x41, 0x50, 0x47, 0x61, 0x70, 0x52, 0x6F, 0x77, 0x30, 0x36, 
    0x30, 0x00, 0x2B, 0x1E, 0xF2, 0x04, 0x1C, 0x41, 0x50, 0x47, 0x61, 0x70, 
    0x52, 0x6F, 0x77, 0x30, 0x38, 0x33, 0x00, 0x2B, 0xAE, 0xE6, 0x75, 0xA5, 
    0x41, 0x50, 0x47, 0x61, 0x70, 0x52, 0x6F, 0x77, 0x31, 0x30, 0x36, 0x00, 
    0x2B, 0xED, 0x18, 0xCF, 0x54, 0x41, 0x50, 0x47, 0x61, 0x70, 0x52, 0x6F, 
    0x77, 0x30, 0x31, 0x30, 0x00, 0x2B, 0xF4, 0xDC, 0xA2, 0x53, 0x41, 0x50, 
    0x47, 0x61, 0x70, 0x52, 0x6F, 0x77, 0x30, 0x31, 0x34, 0x00, 0x2B, 0x62, 
    0xEC, 0xA5, 0x24, 0x41, 0x50, 0x47, 0x61, 0x70, 0x52, 0x6F, 0x77, 0x30, 
    0x31, 0x35, 0x00, 0x2B, 0xD5, 0x2B, 0xF0, 0xFF, 0x41, 0x50, 0x47, 0x61, 
    0x70, 0x52, 0x6F, 0x77, 0x30, 0x33, 0x33, 0x00, 0x2B, 0x47, 0xDE, 0x9B, 
    0xEC, 0x41, 0x50, 0x47, 0x61, 0x70, 0x52, 0x6F, 0x77, 0x30, 0x37, 0x32, 
    0x00, 0x2B, 0xBD, 0x67, 0x60, 0x82, 0x41, 0x50, 0x47, 0x61, 0x70, 0x52, 
    0x6F, 0x77, 0x30, 0x38, 0x34, 0x00, 0x2B, 0x94, 0x1A, 0xEB, 0xE6, 0x41, 
    0x50, 0x47, 0x61, 0x70, 0x52, 0x6F, 0x77, 0x30, 0x32, 0x33, 0x00, 0x2B, 
    0xD8, 0xBD, 0xAC, 0xBD, 0x41, 0x50, 0x47, 0x61, 0x70, 0x52, 0x6F, 0x77, 
    0x30, 0x31, 0x36, 0x00, 0x2B, 0x5A, 0xDF, 0x9A, 0x8F, 0x41, 0x50, 0x47, 
    0x61, 0x70, 0x52, 0x6F, 0x77, 0x30, 0x33, 0x36, 0x00, 0x2B, 0x32, 0x93, 
    0x0A, 0xF2, 0x41, 0x50, 0x47, 0x61, 0x70, 0x52, 0x6F, 0x77, 0x30, 0x38, 
    0x31, 0x00, 0x2B, 0x7C, 0xE9, 0x23, 0x73, 0x78, 0x00, 0x2B, 0x16, 0x78, 
    0xDD, 0xD4, 0x41, 0x50, 0x47, 0x61, 0x70, 0x52, 0x6F, 0x77, 0x30, 0x30, 
    0x33, 0x00, 0x2B, 0x7F, 0xED, 0xA4, 0x47, 0x41, 0x50, 0x47, 0x61, 0x70, 
    0x52, 0x6F, 0x77, 0x30, 0x35, 0x31, 0x00, 0x2B, 0x07, 0x36, 0x69, 0x1B, 
    0x41, 0x50, 0x47, 0x61, 0x70, 0x52, 0x6F, 0x77, 0x30, 0x38, 0x37, 0x00, 
    0x2B, 0xFD, 0x8F, 0x92, 0x75, 0x41, 0x50, 0x47, 0x61, 0x70, 0x52, 0x6F, 
    0x77, 0x30, 0x37, 0x31, 0x00, 0x2B, 0xE0, 0x8E, 0x93, 0x16, 0x41, 0x50, 
    0x47, 0x61, 0x70, 0x52, 0x6F, 0x77, 0x30, 0x33, 0x35, 0x00, 0x2B, 0xA5, 
    0x7A, 0xE4, 0x6B, 0x41, 0x50, 0x47, 0x61, 0x70, 0x52, 0x6F, 0x77, 0x30, 
    0x36, 0x35, 0x00, 0x2B, 0x8E, 0x36, 0x52, 0x62, 0x41, 0x50, 0x47, 0x61, 
    0x70, 0x52, 0x6F, 0x77, 0x30, 0x36, 0x39, 0x00, 0x2B, 0xD7, 0x1A, 0xCD, 
    0x92, 0x41, 0x50, 0x47, 0x61, 0x70, 0x52, 0x6F, 0x77, 0x30, 0x39, 0x38, 
    0x00, 0x2B, 0xB0, 0x9F, 0x71, 0xC2, 0x70, 0x61, 0x72, 0x65, 0x6E, 0x74, 
    0x00, 0x2B, 0x37, 0x8F, 0x8F, 0x78, 0x41, 0x50, 0x47, 0x61, 0x70, 0x52, 
    0x6F, 0x77, 0x30, 0x32, 0x34, 0x00, 0x2B, 0x8A, 0xF3, 0x3E, 0x06, 0x41, 
    0x50, 0x47, 0x61, 0x70, 0x52, 0x6F, 0x77, 0x30, 0x32, 0x39, 0x00, 0x2B, 
    0xF9, 0x4A, 0xFE, 0x11, 0x41, 0x50, 0x47, 0x61, 0x70, 0x52, 0x6F, 0x77, 
    0x30, 0x33, 0x31, 0x00, 0x2B, 0xC5, 0xBC, 0xAD, 0xDE, 0x41, 0x50, 0x47, 
    0x61, 0x70, 0x52, 0x6F, 0x77, 0x30, 0x35, 0x32, 0x00, 0x2B, 0x72, 0x7B, 
    0xF8, 0x05, 0x41, 0x50, 0x47, 0x61, 0x70, 0x52, 0x6F, 0x77, 0x30, 0x37, 
    0x34, 0x00, 0x2B, 0x5F, 0xC3, 0x1F, 0x05, 0x41, 0x50, 0x47, 0x61, 0x70, 
    0x52, 0x6F, 0x77, 0x30, 0x39, 0x33, 0x00, 0x2B, 0x82, 0x87, 0x7B, 0x4B, 
    0x41, 0x50, 0x47, 0x61, 0x70, 0x52, 0x6F, 0x77, 0x31, 0x30, 0x34, 0x00, 
    0x2B, 0x5E, 0x1A, 0xF6, 0xEB, 0x41, 0x50, 0x47, 0x61, 0x70, 0x52, 0x6F, 
    0x77, 0x30, 0x37, 0x36, 0x00, 0x2B, 0x2E, 0x4B, 0xE2, 0x7F, 0x41, 0x50, 
    0x47, 0x61, 0x70, 0x52, 0x6F, 0x77, 0x30, 0x32, 0x30, 0x00, 0x2B, 0x76, 
    0xBE, 0x94, 0x61, 0x41, 0x50, 0x47, 0x61, 0x70, 0x52, 0x6F, 0x77, 0x30, 
    0x33, 0x34, 0x00, 0x2B, 0x5D, 0xF2, 0x22, 0x68, 0x41, 0x50, 0x47, 0x61, 
    0x70, 0x52, 0x6F, 0x77, 0x30, 0x33, 0x38, 0x00, 0x2B, 0x4A, 0x48, 0xC7, 
    0xAE, 0x41, 0x50, 0x47, 0x61, 0x70, 0x52, 0x6F, 0x77, 0x30, 0x35, 0x37, 
    0x00, 0x2B, 0x46, 0x07, 0x72, 0x02, 0x41, 0x50, 0x47, 0x61, 0x70, 0x52, 
    0x6F, 0x77, 0x30, 0x39, 0x37, 0x00, 0x2B, 0xDC, 0x78, 0xC0, 0xD9, 0x41, 
    0x50, 0x47, 0x61, 0x70, 0x52, 0x6F, 0x77, 0x30, 0x35, 0x36, 0xBE, 0x00, 
    0xAA, 0x4D, 0x81, 0xDA, 0xD7, 0x3F, 0x7F, 0x73, 0x74, 0x61, 0x74, 0x69, 
    0x63, 0x00, 0x2B, 0xC1, 0x79, 0xC1, 0xBA, 0x41, 0x50, 0x47, 0x61, 0x70, 
    0x52, 0x6F, 0x77, 0x30, 0x31, 0x32, 0x00, 0x2B, 0x43, 0x1B, 0xF7, 0x88, 
    0x41, 0x50, 0x47, 0x61, 0x70, 0x52, 0x6F, 0x77, 0x30, 0x33, 0x32, 0x00, 
    0x2B, 0x37, 0x0A, 0x7E, 0xF3, 0x41, 0x50, 0x5F, 0x54, 0x6F, 0x67, 0x67, 
    0x6C, 0x65, 0x43, 0x6F, 0x6C, 0x6C, 0x65, 0x63, 0x74, 0x69, 0x62, 0x6C, 
    0x65, 0x4D, 0x61, 0x72, 0x6B, 0x65, 0x72, 0x73, 0x00, 0x2B, 0x18, 0xF9, 
    0x94, 0x6E, 0x68, 0xDE, 0x32, 0x8A, 0x31, 0x8F, 0x0E, 0x66, 0x53, 0xC9, 
    0x6C, 0x69, 0x6E, 0x6B, 0x00, 0x2B, 0xA1, 0xBF, 0x88, 0x0F, 0x41, 0x50, 
    0x47, 0x61, 0x70, 0x52, 0x6F, 0x77, 0x30, 0x32, 0x35, 0x00, 0x2B, 0x9D, 
    0x49, 0xDB, 0xC0, 0x41, 0x50, 0x47, 0x61, 0x70, 0x52, 0x6F, 0x77, 0x30, 
    0x34, 0x36, 0x00, 0x2B, 0xE4, 0x4B, 0xFF, 0x72, 0x41, 0x50, 0x47, 0x61, 
    0x70, 0x52, 0x6F, 0x77, 0x30, 0x37, 0x35, 0x00, 0x2B, 0xC8, 0x2A, 0xF1, 
    0x9C, 0x41, 0x50, 0x47, 0x61, 0x70, 0x52, 0x6F, 0x77, 0x30, 0x37, 0x37, 
    0x00, 0x2B, 0x8A, 0x4D, 0x4B, 0x48, 0x73, 0x63, 0x72, 0x6F, 0x6C, 0x6C, 
    0x69, 0x6E, 0x67, 0x6D, 0x65, 0x6E, 0x75, 0x00, 0x2B, 0x03, 0xD0, 0x90, 
    0xB9, 0x74, 0x61, 0x72, 0x67, 0x65, 0x74, 0x00, 0x2B, 0xCC, 0xEF, 0x9D, 
    0xF8, 0x41, 0x50, 0x47, 0x61, 0x70, 0x52, 0x6F, 0x77, 0x30, 0x33, 0x37, 
    0x00, 0x2B, 0x9A, 0x64, 0x63, 0x27, 0x41, 0x50, 0x47, 0x61, 0x70, 0x52, 
    0x6F, 0x77, 0x30, 0x34, 0x38, 0x00, 0x2B, 0x91, 0x06, 0x6E, 0x6C, 0x41, 
    0x50, 0x47, 0x61, 0x70, 0x52, 0x6F, 0x77, 0x30, 0x38, 0x36, 0x00, 0x2B, 
    0xD0, 0x37, 0x75, 0x75, 0x41, 0x50, 0x47, 0x61, 0x70, 0x52, 0x6F, 0x77, 
    0x30, 0x39, 0x36, 0x00, 0x2B, 0x99, 0x8C, 0xB7, 0xA4, 0x41, 0x50, 0x47, 
    0x61, 0x70, 0x52, 0x6F, 0x77, 0x30, 0x30, 0x36, 0x00, 0x2B, 0x27, 0x18, 
    0xD2, 0x59, 0x41, 0x50, 0x47, 0x61, 0x70, 0x52, 0x6F, 0x77, 0x30, 0x34, 
    0x35, 0x00, 0x2B, 0x66, 0x29, 0xC9, 0x40, 0x41, 0x50, 0x47, 0x61, 0x70, 
    0x52, 0x6F, 0x77, 0x30, 0x35, 0x35, 0x00, 0x2B, 0x33, 0x4A, 0xE3, 0x1C, 
    0x41, 0x50, 0x47, 0x61, 0x70, 0x52, 0x6F, 0x77, 0x30, 0x36, 0x34, 0x00, 
    0x2B, 0x0D, 0x73, 0x11, 0x3B, 0x41, 0x50, 0x47, 0x61, 0x70, 0x52, 0x6F, 
    0x77, 0x31, 0x30, 0x31, 0x00, 0x2B, 0xB7, 0x22, 0x18, 0xA2, 0x41, 0x50, 
    0x47, 0x61, 0x70, 0x52, 0x6F, 0x77, 0x31, 0x30, 0x32, 0x00, 0x2B, 0x00, 
    0x1B, 0xD1, 0xFC, 0x41, 0x50, 0x47, 0x61, 0x70, 0x52, 0x6F, 0x77, 0x30, 
    0x38, 0x39, 0x00, 0x2B, 0xC9, 0xF3, 0x18, 0x72, 0x41, 0x50, 0x47, 0x61, 
    0x70, 0x52, 0x6F, 0x77, 0x30, 0x39, 0x32, 0x00, 0x2B, 0x56, 0xBF, 0x5F, 
    0xC6, 0x41, 0x50, 0x47, 0x61, 0x70, 0x42, 0x61, 0x63, 0x6B, 0x00, 0x2B, 
    0xE9, 0xDD, 0xA3, 0x30, 0x41, 0x50, 0x47, 0x61, 0x70, 0x52, 0x6F, 0x77, 
    0x30, 0x35, 0x30, 0x00, 0x2B, 0xF0, 0x19, 0xCE, 0x37, 0x41, 0x50, 0x47, 
    0x61, 0x70, 0x52, 0x6F, 0x77, 0x30, 0x35, 0x34, 0x00, 0x2B, 0x4D, 0x65, 
    0x7F, 0x49, 0x41, 0x50, 0x47, 0x61, 0x70, 0x52, 0x6F, 0x77, 0x30, 0x35, 
    0x39, 0x00, 0x2B, 0x49, 0xA0, 0x13, 0x2D, 0x41, 0x50, 0x47, 0x61, 0x70, 
    0x52, 0x6F, 0x77, 0x30, 0x31, 0x39, 0x00, 0x2B, 0xEA, 0xD9, 0x24, 0x04, 
    0x79, 0x00, 0x2B, 0xFE, 0xC1, 0xEF, 0x2A, 0x64, 0x72, 0x61, 0x77, 0x65, 
    0x72, 0x00, 0x2B, 0x65, 0x14, 0x0B, 0x2E, 0x66, 0x6C, 0x61, 0x67, 0x00, 
    0x2B, 0x9E, 0xA1, 0x0F, 0x43, 0x41, 0x50, 0x47, 0x61, 0x70, 0x52, 0x6F, 
    0x77, 0x30, 0x30, 0x38, 0x00, 0x2B, 0x2B, 0x57, 0x67, 0xF5, 0x41, 0x50, 
    0x47, 0x61, 0x70, 0x52, 0x6F, 0x77, 0x30, 0x38, 0x35, 0x00, 0x2B, 0x96, 
    0x2B, 0xD6, 0x8B, 0x41, 0x50, 0x47, 0x61, 0x70, 0x52, 0x6F, 0x77, 0x30, 
    0x38, 0x38, 0x00, 0x2B, 0x3E, 0xDC, 0xBF, 0x5E, 0x41, 0x50, 0x47, 0x61, 
    0x70, 0x52, 0x6F, 0x77, 0x30, 0x34, 0x31, 0x00, 0x2B, 0xBC, 0xBE, 0x89, 
    0x6C, 0x41, 0x50, 0x47, 0x61, 0x70, 0x52, 0x6F, 0x77, 0x30, 0x36, 0x31, 
    0x00, 0x2B, 0x1F, 0x2B, 0xED, 0xF2, 0x41, 0x50, 0x47, 0x61, 0x70, 0x52, 
    0x6F, 0x77, 0x30, 0x36, 0x36, 0xBE, 0xA8, 0x0D, 0x8D, 0x0C, 0xF1, 0x31, 
    0x70, 0x70, 0x61, 0x72, 0x61, 0x6D, 0x73, 0x00, 0x2B, 0x1B, 0xEE, 0x81, 
    0x96, 0x41, 0x50, 0x47, 0x61, 0x70, 0x52, 0x6F, 0x77, 0x30, 0x32, 0x36, 
    0x00, 0x2B, 0x6B, 0xBF, 0x95, 0x02, 0x41, 0x50, 0x47, 0x61, 0x70, 0x52, 
    0x6F, 0x77, 0x30, 0x37, 0x30, 0x00, 0x2B, 0x21, 0x12, 0x1F, 0xD5, 0x41, 
    0x50, 0x47, 0x61, 0x70, 0x52, 0x6F, 0x77, 0x31, 0x30, 0x33, 0x00, 0x2B, 
    0xD6, 0xA8, 0x21, 0x73, 0x74, 0x79, 0x70, 0x65, 0x00, 0x2B, 0xA4, 0xA3, 
    0x0D, 0x85, 0x41, 0x50, 0x47, 0x61, 0x70, 0x52, 0x6F, 0x77, 0x30, 0x38, 
    0x30, 0x00, 0x2B, 0xAF, 0x98, 0xC6, 0x40, 0x69, 0x64, 0x00, 0x2B, 0xB1, 
    0x28, 0xD5, 0x2E, 0x41, 0x50, 0x47, 0x61, 0x70, 0x52, 0x6F, 0x77, 0x30, 
    0x34, 0x34, 0x00, 0x2B, 0x18, 0x06, 0x55, 0x15, 0x41, 0x50, 0x47, 0x61, 
    0x70, 0x52, 0x6F, 0x77, 0x30, 0x36, 0x38, 0x00, 0x2B, 0x59, 0x37, 0x4E, 
    0x0C, 0x41, 0x50, 0x47, 0x61, 0x70, 0x52, 0x6F, 0x77, 0x30, 0x37, 0x38, 
    0x00, 0x2B, 0x7B, 0x28, 0xC8, 0x23, 0x41, 0x50, 0x47, 0x61, 0x70, 0x52, 
    0x6F, 0x77, 0x30, 0x31, 0x31, 0x00, 0x2B, 0x57, 0x49, 0xC6, 0xCD, 0x41, 
    0x50, 0x47, 0x61, 0x70, 0x52, 0x6F, 0x77, 0x30, 0x31, 0x33, 0x00, 0x2B, 
    0x90, 0xDF, 0x87, 0x82, 0x41, 0x50, 0x47, 0x61, 0x70, 0x52, 0x6F, 0x77, 
    0x30, 0x36, 0x33, 0x00, 0x2B, 0xD1, 0xEE, 0x9C, 0x9B, 0x41, 0x50, 0x47, 
    0x61, 0x70, 0x52, 0x6F, 0x77, 0x30, 0x37, 0x33, 0x00, 0x2B, 0x1C, 0xC3, 
    0x39, 0x71, 0x41, 0x50, 0x47, 0x61, 0x70, 0x52, 0x6F, 0x77, 0x30, 0x32, 
    0x38, 0x00, 0x2B, 0xCB, 0xC2, 0x25, 0x1F, 0x41, 0x50, 0x47, 0x61, 0x70, 
    0x52, 0x6F, 0x77, 0x30, 0x33, 0x39, 0x00, 0x2B, 0x0C, 0x54, 0x64, 0x50, 
    0x41, 0x50, 0x47, 0x61, 0x70, 0x52, 0x6F, 0x77, 0x30, 0x34, 0x39, 0x00, 
    0x2B, 0xA8, 0xEC, 0xB8, 0x29, 0x41, 0x50, 0x47, 0x61, 0x70, 0x52, 0x6F, 
    0x77, 0x30, 0x34, 0x30, 0x00, 0x2B, 0x06, 0xEF, 0x80, 0xF5, 0x41, 0x50, 
    0x47, 0x61, 0x70, 0x52, 0x6F, 0x77, 0x30, 0x36, 0x32, 0x00, 0x2B, 0xCF, 
    0x07, 0x49, 0x7B, 0x41, 0x50, 0x47, 0x61, 0x70, 0x52, 0x6F, 0x77, 0x30, 
    0x37, 0x39, 0x00, 0x2B, 0x5F, 0xB3, 0x5E, 0x9F, 0x41, 0x50, 0x5F, 0x53, 
    0x65, 0x6C, 0x65, 0x63, 0x74, 0x47, 0x61, 0x70, 0x00, 0x2B, 0xF2, 0x44, 
    0x94, 0xD6, 0x41, 0x50, 0x47, 0x61, 0x70, 0x4D, 0x65, 0x6E, 0x75, 0x00, 
    0x2B, 0x0F, 0xBC, 0xB0, 0xD3, 0x41, 0x50, 0x47, 0x61, 0x70, 0x52, 0x6F, 
    0x77, 0x30, 0x30, 0x37, 0x00, 0x2B, 0xDF, 0x90, 0x14, 0x5A, 0x41, 0x50, 
    0x47, 0x61, 0x70, 0x52, 0x6F, 0x77, 0x30, 0x31, 0x38, 0x00, 0x2B, 0x84, 
    0x8D, 0xB6, 0xC7, 0x41, 0x50, 0x47, 0x61, 0x70, 0x52, 0x6F, 0x77, 0x30, 
    0x34, 0x32, 0x00, 0x2B, 0x53, 0x8C, 0xAA, 0xA9, 0x41, 0x50, 0x47, 0x61, 
    0x70, 0x52, 0x6F, 0x77, 0x30, 0x35, 0x33, 0x00, 0x2B, 0x6A, 0x66, 0x7C, 
    0xEC, 0x41, 0x50, 0x47, 0x61, 0x70, 0x52, 0x6F, 0x77, 0x30, 0x39, 0x35, 
    0x00, 0x2B, 0xB8, 0x7B, 0xE5, 0x08, 0x41, 0x50, 0x47, 0x61, 0x70, 0x52, 
    0x6F, 0x77, 0x30, 0x32, 0x31, 0xD2, 0x7D, 0xDA, 0xB1, 0x40, 0xA9, 0xEF, 
    0x69, 0x67, 0x61, 0x6D, 0x65, 0x5F, 0x6D, 0x65, 0x6E, 0x75, 0xC2, 0x62, 
    0xB8, 0x05, 0x80, 0x09, 0x63, 0xEB, 0xFA, 0x53, 0x65, 0x74, 0x47, 0x6C, 
    0x6F, 0x62, 0x61, 0x6C, 0x46, 0x6C, 0x61, 0x67, 0x00, 0x2B, 0x4F, 0x0D, 
    0x4C, 0x40, 0x6E, 0x75, 0x6D, 0x5F, 0x76, 0x69, 0x73, 0x69, 0x62, 0x6C, 
    0x65, 0xD2, 0x11, 0xB2, 0x75, 0x88, 0x94, 0x31, 0xEE, 0xE6, 0x41, 0x50, 
    0x47, 0x61, 0x70, 0x4D, 0x65, 0x6E, 0x75, 0x54, 0x69, 0x74, 0x6C, 0x65, 
    0x00, 0x2B, 0x02, 0x2A, 0xEC, 0x91, 0x41, 0x50, 0x47, 0x61, 0x70, 0x52, 
    0x6F, 0x77, 0x30, 0x32, 0x32, 0x00, 0x2B, 0xDB, 0x55, 0x78, 0x3E, 0x41, 
    0x50, 0x47, 0x61, 0x70, 0x52, 0x6F, 0x77, 0x30, 0x35, 0x38, 0x00, 0x2B, 
    0x88, 0xC2, 0x03, 0x6B, 0x41, 0x50, 0x47, 0x61, 0x70, 0x52, 0x6F, 0x77, 
    0x30, 0x38, 0x32, 0x00, 0x2B, 0x41, 0x2A, 0xCA, 0xE5, 0x41, 0x50, 0x47, 
    0x61, 0x70, 0x52, 0x6F, 0x77, 0x30, 0x39, 0x39, 0x00, 0x2B, 0x89, 0x1B, 
    0xEA, 0x85, 0x41, 0x50, 0x47, 0x61, 0x70, 0x52, 0x6F, 0x77, 0x30, 0x36, 
    0x37, 0x00, 0x2B, 0x94, 0x87, 0xC9, 0xD4, 0x74, 0x69, 0x74, 0x6C, 0x65, 
    0x00, 0x2B, 0x12, 0xBD, 0xB1, 0xB0, 0x41, 0x50, 0x47, 0x61, 0x70, 0x52, 
    0x6F, 0x77, 0x30, 0x34, 0x33, 0x00, 0x2B, 0xED, 0xF4, 0x9C, 0xE3, 0x77, 
    0x00, 0x2B, 0x38, 0x58, 0x74, 0xC4, 0x74, 0x65, 0x78, 0x74, 0x00, 0x2B, 
    0x08, 0x91, 0x08, 0x34, 0x41, 0x50, 0x47, 0x61, 0x70, 0x52, 0x6F, 0x77, 
    0x30, 0x30, 0x39, 0x00, 0x2B, 0x4E, 0x8D, 0xAB, 0xCA, 0x41, 0x50, 0x47, 
    0x61, 0x70, 0x52, 0x6F, 0x77, 0x30, 0x31, 0x37, 0x00, 0x2B, 0x8D, 0xDE, 
    0x86, 0xE1, 0x41, 0x50, 0x47, 0x61, 0x70, 0x52, 0x6F, 0x77, 0x30, 0x32, 
    0x37, 0x00, 0x2B, 0xFC, 0x56, 0x7B, 0x9B, 0x41, 0x50, 0x47, 0x61, 0x70, 
    0x52, 0x6F, 0x77, 0x30, 0x39, 0x34, 0x00, 0x2B, 0xB5, 0xED, 0xB9, 0x4A, 
    0x41, 0x50, 0x47, 0x61, 0x70, 0x52, 0x6F, 0x77, 0x30, 0x30, 0x34, 0x00, 
    0x2B, 0x6F, 0x7A, 0xF9, 0x66, 0x41, 0x50, 0x47, 0x61, 0x70, 0x52, 0x6F, 
    0x77, 0x30, 0x33, 0x30, 0x00, 0x2B, 0x0B, 0x79, 0xDC, 0xB7, 0x41, 0x50, 
    0x47, 0x61, 0x70, 0x52, 0x6F, 0x77, 0x30, 0x34, 0x37, 0x00, 0x2B, 0xE5, 
    0x92, 0x16, 0x9C, 0x41, 0x50, 0x47, 0x61, 0x70, 0x52, 0x6F, 0x77, 0x30, 
    0x39, 0x30, 0x00, 0x2B, 0x73, 0xA2, 0x11, 0xEB, 0x41, 0x50, 0x47, 0x61, 
    0x70, 0x52, 0x6F, 0x77, 0x30, 0x39, 0x31, 0x00, 0x2B, 0x14, 0xB7, 0x7C, 
    0x3C, 0x41, 0x50, 0x47, 0x61, 0x70, 0x52, 0x6F, 0x77, 0x31, 0x30, 0x35, 
    0xCE, 0x16, 0xBA, 0x01, 0x81, 0x3D, 0xB5, 0xD7, 0xE9, 0x63, 0x6F, 0x6E, 
    0x74, 0x61, 0x69, 0x6E, 0x31, 0x00, 0x2B, 0x3A, 0x19, 0xD3, 0x3A, 0x41, 
    0x50, 0x47, 0x61, 0x70, 0x52, 0x6F, 0x77, 0x30, 0x30, 0x31, 0x00, 0x2B, 
    0x9B, 0x43, 0x16, 0x4C, 0x41, 0x50, 0x47, 0x61, 0x70, 0x52, 0x6F, 0x77, 
    0x31, 0x30, 0x30, 0x00, 0x2B, 0x23, 0xDD, 0xBE, 0x3D, 0x41, 0x50, 0x47, 
    0x61, 0x70, 0x52, 0x6F, 0x77, 0x30, 0x30, 0x35, 0x00, 0x00, 0x92, 0x01, 
    0x6E, 0xFC, 0xD3, 0x69, 0x97, 0x18, 0xD5, 0xFE, 0x50, 0x42
};
INCBIN_CONST INCBIN_ALIGN unsigned char *const gGameAPEnd = gGameAPData + sizeof(gGameAPData);
INCBIN_CONST unsigned int gGameAPSize = sizeof(gGameAPData);
/* INCBIN(GameFlowAP, "patches/gameflow_ap.bps"); */
INCBIN_CONST INCBIN_ALIGN unsigned char gGameFlowAPData[] = {
    0x42, 0x50, 0x53, 0x31, 0x38, 0xDD, 0x38, 0xDD, 0x80, 0x0C, 0xAE, 0x81, 
    0x00, 0x6C, 0xA8, 0x81, 0x00, 0x20, 0x82, 0x8D, 0x2C, 0x90, 0x7E, 0x0F, 
    0x0C, 0xD3, 0x81, 0x00, 0x0C, 0x48, 0x80, 0xA3, 0x1E, 0xC4, 0xC4, 0x97, 
    0xED, 0x0C, 0x9D, 0x3C, 0xDE, 0xC5, 0x79
};
INCBIN_CONST INCBIN_ALIGN unsigned char *const gGameFlowAPEnd = gGameFlowAPData + sizeof(gGameFlowAPData);
INCBIN_CONST unsigned int gGameFlowAPSize = sizeof(gGameFlowAPData);
/* INCBIN(GoalScriptsAP, "patches/goal_scripts_ap.bps"); */
INCBIN_CONST INCBIN_ALIGN unsigned char gGoalScriptsAPData[] = {
    0x42, 0x50, 0x53, 0x31, 0x03, 0x2D, 0x85, 0x03, 0x2D, 0x85, 0x80, 0x58, 
    0xD8, 0x81, 0x00, 0x7C, 0x1E, 0x8C, 0x81, 0x00, 0x24, 0x3D, 0x8A, 0x64, 
    0x8C, 0x9D, 0x7A, 0x6F, 0x85, 0xC2, 0xA1, 0xE0, 0x7B, 0x81, 0x86
};
INCBIN_CONST INCBIN_ALIGN unsigned char *const gGoalScriptsAPEnd = gGoalScriptsAPData + sizeof(gGoalScriptsAPData);
INCBIN_CONST unsigned int gGoalScriptsAPSize = sizeof(gGoalScriptsAPData);
/* INCBIN(JudgesAP, "patches/judges_ap.bps"); */
INCBIN_CONST INCBIN_ALIGN unsigned char gJudgesAPData[] = {
    0x42, 0x50, 0x53, 0x31, 0x56, 0xD5, 0x56, 0xD5, 0x80, 0x60, 0xA3, 0x81, 
    0x00, 0x6C, 0x34, 0x81, 0xE0, 0x83, 0xC9, 0x63, 0x77, 0xEF, 0xA8, 0x22, 
    0x33, 0x77, 0x00, 0x5A
};
INCBIN_CONST INCBIN_ALIGN unsigned char *const gJudgesAPEnd = gJudgesAPData + sizeof(gJudgesAPData);
INCBIN_CONST unsigned int gJudgesAPSize = sizeof(gJudgesAPData);
/* INCBIN(NetMessagesAP, "patches/netmessages_ap.bps"); */
INCBIN_CONST INCBIN_ALIGN unsigned char gNetMessagesAPData[] = {
    0x42, 0x50, 0x53, 0x31, 0x6E, 0x25, 0x80, 0x6E, 0x25, 0x80, 0x80, 0x54, 
    0xF5, 0xA1, 0xDA, 0x42, 0x00, 0x00, 0x0B, 0x43, 0x00, 0x00, 0x68, 0xC0, 
    0xA1, 0x7F, 0x43, 0x00, 0x00, 0x7F, 0x43, 0x00, 0x00, 0x7F, 0xC0, 0x91, 
    0x7F, 0x43, 0x00, 0x00, 0x7F, 0xD2, 0x5C, 0xCA, 0xA1, 0x2F, 0x43, 0x00, 
    0x00, 0x19, 0x43, 0x00, 0x00, 0x6F, 0x0A, 0x80, 0xC6, 0x60, 0x85, 0xA1, 
    0x7F, 0x43, 0x00, 0x00, 0x7F, 0x43, 0x00, 0x00, 0x7F, 0xC2, 0x55, 0x90, 
    0xA1, 0xDA, 0x42, 0x00, 0x00, 0x0B, 0x43, 0x00, 0x00, 0x68, 0xC2, 0x92, 
    0x91, 0x7F, 0x43, 0x00, 0x00, 0x7F, 0xD2, 0x48, 0x8E, 0xA1, 0x2F, 0x43, 
    0x00, 0x00, 0x19, 0x43, 0x00, 0x00, 0x6F, 0x06, 0x80, 0xC6, 0x64, 0x85, 
    0xA1, 0x7F, 0x43, 0x00, 0x00, 0x7F, 0x43, 0x00, 0x00, 0x7F, 0xC2, 0x53, 
    0x90, 0xA1, 0xDA, 0x42, 0x00, 0x00, 0x0B, 0x43, 0x00, 0x00, 0x68, 0xC2, 
    0x92, 0x91, 0x7F, 0x43, 0x00, 0x00, 0x7F, 0xD2, 0x48, 0x8E, 0xA1, 0x2F, 
    0x43, 0x00, 0x00, 0x19, 0x43, 0x00, 0x00, 0x6F, 0x06, 0x80, 0xC6, 0x64, 
    0x85, 0xA1, 0xDA, 0x42, 0x00, 0x00, 0x0B, 0x43, 0x00, 0x00, 0x68, 0xC2, 
    0x53, 0x90, 0xA1, 0x2F, 0x43, 0x00, 0x00, 0x19, 0x43, 0x00, 0x00, 0x6F, 
    0xC2, 0x92, 0x91, 0x7F, 0x43, 0x00, 0x00, 0x7F, 0xD2, 0x48, 0x8E, 0xA1, 
    0x7F, 0x43, 0x00, 0x00, 0x7F, 0x43, 0x00, 0x00, 0x7F, 0x66, 0x81, 0x6C, 
    0x84, 0x8D, 0xCD, 0xCC, 0xCC, 0x3E, 0xFA, 0x11, 0x94, 0x8D, 0xCD, 0xCC, 
    0xCC, 0x3E, 0x68, 0x82, 0xA1, 0xDA, 0x42, 0x00, 0x00, 0x0B, 0x43, 0x00, 
    0x00, 0x68, 0xC2, 0x17, 0x82, 0xA1, 0x2F, 0x43, 0x00, 0x00, 0x19, 0x43, 
    0x00, 0x00, 0x6F, 0xC2, 0x92, 0x91, 0x7F, 0x43, 0x00, 0x00, 0x7F, 0xD2, 
    0x48, 0x8E, 0xA1, 0x7F, 0x43, 0x00, 0x00, 0x7F, 0x43, 0x00, 0x00, 0x7F, 
    0x0A, 0x80, 0xC6, 0x81, 0x39, 0x56, 0x80, 0x71, 0x8E, 0x8D, 0xCD, 0xCC, 
    0xCC, 0x3E, 0xFA, 0x88, 0x8D, 0xCD, 0xCC, 0xCC, 0x3E, 0x68, 0x82, 0xA1, 
    0xDA, 0x42, 0x00, 0x00, 0x0B, 0x43, 0x00, 0x00, 0x68, 0xC2, 0x17, 0x82, 
    0xA1, 0x2F, 0x43, 0x00, 0x00, 0x19, 0x43, 0x00, 0x00, 0x6F, 0xC2, 0x92, 
    0x91, 0x7F, 0x43, 0x00, 0x00, 0x7F, 0xD2, 0x48, 0x8E, 0xA1, 0x7F, 0x43, 
    0x00, 0x00, 0x7F, 0x43, 0x00, 0x00, 0x7F, 0x0A, 0x80, 0xC6, 0x81, 0x48, 
    0x56, 0x80, 0x71, 0x8E, 0x8D, 0xCD, 0xCC, 0xCC, 0x3E, 0xFA, 0x88, 0x8D, 
    0xCD, 0xCC, 0xCC, 0x3E, 0x68, 0x82, 0xA1, 0xDA, 0x42, 0x00, 0x00, 0x0B, 
    0x43, 0x00, 0x00, 0x68, 0xC2, 0x17, 0x82, 0xA1, 0x2F, 0x43, 0x00, 0x00, 
    0x19, 0x43, 0x00, 0x00, 0x6F, 0xC2, 0x92, 0x91, 0x7F, 0x43, 0x00, 0x00, 
    0x7F, 0xD2, 0x48, 0x8E, 0xA1, 0x7F, 0x43, 0x00, 0x00, 0x7F, 0x43, 0x00, 
    0x00, 0x7F, 0x0A, 0x80, 0xC6, 0x81, 0x57, 0x56, 0x80, 0x71, 0x8E, 0x8D, 
    0xCD, 0xCC, 0xCC, 0x3E, 0xFA, 0x88, 0x8D, 0xCD, 0xCC, 0xCC, 0x3E, 0x68, 
    0x82, 0xA1, 0xDA, 0x42, 0x00, 0x00, 0x0B, 0x43, 0x00, 0x00, 0x68, 0xC2, 
    0x17, 0x82, 0xA1, 0x2F, 0x43, 0x00, 0x00, 0x19, 0x43, 0x00, 0x00, 0x6F, 
    0xC2, 0x92, 0x91, 0x7F, 0x43, 0x00, 0x00, 0x7F, 0xD2, 0x48, 0x8E, 0xA1, 
    0x7F, 0x43, 0x00, 0x00, 0x7F, 0x43, 0x00, 0x00, 0x7F, 0x64, 0x81, 0x8D, 
    0xCD, 0xCC, 0xCC, 0x3E, 0xFA, 0x71, 0x8C, 0x8D, 0xCD, 0xCC, 0xCC, 0x3E, 
    0x68, 0x82, 0xA1, 0xDA, 0x42, 0x00, 0x00, 0x0B, 0x43, 0x00, 0x00, 0x68, 
    0xC2, 0x17, 0x82, 0xA1, 0x2F, 0x43, 0x00, 0x00, 0x19, 0x43, 0x00, 0x00, 
    0x6F, 0xC2, 0x92, 0x91, 0x7F, 0x43, 0x00, 0x00, 0x7F, 0xD2, 0x48, 0x8E, 
    0xA1, 0x7F, 0x43, 0x00, 0x00, 0x7F, 0x43, 0x00, 0x00, 0x7F, 0x0A, 0x80, 
    0xC6, 0x85, 0x0C, 0x42, 0x52, 0x80, 0x6F, 0x8E, 0x8D, 0xCD, 0xCC, 0xCC, 
    0x3E, 0xFA, 0x88, 0x8D, 0xCD, 0xCC, 0xCC, 0x3E, 0x46, 0x80, 0x88, 0x20, 
    0x81, 0xA1, 0xDA, 0x42, 0x00, 0x00, 0x0B, 0x43, 0x00, 0x00, 0x68, 0xC2, 
    0x24, 0x80, 0xA1, 0x2F, 0x43, 0x00, 0x00, 0x19, 0x43, 0x00, 0x00, 0x6F, 
    0xC2, 0x15, 0x84, 0x91, 0x7F, 0x43, 0x00, 0x00, 0x7F, 0xD2, 0x48, 0x8E, 
    0xA1, 0x7F, 0x43, 0x00, 0x00, 0x7F, 0x43, 0x00, 0x00, 0x7F, 0xFA, 0xC6, 
    0x95, 0x0C, 0x44, 0x00, 0x00, 0x70, 0x41, 0x52, 0x80, 0x67, 0x8E, 0x8D, 
    0xCD, 0xCC, 0xCC, 0x3E, 0xFA, 0x88, 0x8D, 0xCD, 0xCC, 0xCC, 0x3E, 0x46, 
    0x80, 0x88, 0x20, 0x81, 0xA1, 0xDA, 0x42, 0x00, 0x00, 0x0B, 0x43, 0x00, 
    0x00, 0x68, 0xC2, 0x4A, 0x85, 0xA1, 0x2F, 0x43, 0x00, 0x00, 0x19, 0x43, 
    0x00, 0x00, 0x6F, 0xC2, 0x3B, 0x89, 0x91, 0x7F, 0x43, 0x00, 0x00, 0x7F, 
    0xD2, 0x48, 0x8E, 0xA1, 0x7F, 0x43, 0x00, 0x00, 0x7F, 0x43, 0x00, 0x00, 
    0x7F, 0x66, 0x81, 0x5E, 0x94, 0x8D, 0xCD, 0xCC, 0xCC, 0x3E, 0xFA, 0x03, 
    0xA4, 0x8D, 0xCD, 0xCC, 0xCC, 0x3E, 0x46, 0x80, 0x88, 0x20, 0x81, 0xA1, 
    0xDA, 0x42, 0x00, 0x00, 0x0B, 0x43, 0x00, 0x00, 0x68, 0xC2, 0x70, 0x8A, 
    0xA1, 0x2F, 0x43, 0x00, 0x00, 0x19, 0x43, 0x00, 0x00, 0x6F, 0xC2, 0x61, 
    0x8E, 0x91, 0x7F, 0x43, 0x00, 0x00, 0x7F, 0xD2, 0x48, 0x8E, 0xA1, 0x7F, 
    0x43, 0x00, 0x00, 0x7F, 0x43, 0x00, 0x00, 0x7F, 0x66, 0x81, 0x5E, 0x94, 
    0x8D, 0xCD, 0xCC, 0xCC, 0x3E, 0xFA, 0x03, 0xA4, 0x8D, 0xCD, 0xCC, 0xCC, 
    0x3E, 0x46, 0x80, 0x88, 0x70, 0x26, 0x82, 0xEF, 0x5F, 0x00, 0x9E, 0xB6, 
    0x38, 0xC1, 0x26, 0x36, 0x58, 0xF7, 0x30
};
INCBIN_CONST INCBIN_ALIGN unsigned char *const gNetMessagesAPEnd = gNetMessagesAPData + sizeof(gNetMessagesAPData);
INCBIN_CONST unsigned int gNetMessagesAPSize = sizeof(gNetMessagesAPData);
/* INCBIN(ShpAP, "patches/shp_ap.bps"); */
INCBIN_CONST INCBIN_ALIGN unsigned char gShpAPData[] = {
    0x42, 0x50, 0x53, 0x31, 0x1F, 0x57, 0x9C, 0x53, 0x58, 0x9C, 0x80, 0x5C, 
    0x1A, 0xD9, 0xBD, 0x16, 0x39, 0xEC, 0xB9, 0x65, 0x16, 0x26, 0x2E, 0x44, 
    0x3B, 0x07, 0x16, 0xC2, 0xC4, 0x76, 0x2C, 0xEE, 0x3A, 0x28, 0xAB, 0x81, 
    0x01, 0x06, 0x82, 0x7E, 0xE2, 0xBD, 0x16, 0x39, 0xEC, 0xB9, 0x65, 0x16, 
    0x26, 0x2E, 0x44, 0x3B, 0x07, 0x16, 0xC2, 0xC4, 0x76, 0x2C, 0xEE, 0x7B, 
    0xE4, 0x81, 0x01, 0x6E, 0x8F, 0x42, 0xE4, 0xBD, 0x16, 0x39, 0xEC, 0xB9, 
    0x65, 0x16, 0x26, 0x2E, 0x44, 0x3B, 0x07, 0x16, 0xC2, 0xC4, 0x76, 0x2C, 
    0xEE, 0x33, 0xED, 0x81, 0x01, 0x42, 0x80, 0x7A, 0xEC, 0xBD, 0x16, 0x39, 
    0xEC, 0xB9, 0x65, 0x16, 0x26, 0x2E, 0x44, 0x3B, 0x07, 0x16, 0xC2, 0xC4, 
    0x76, 0x2C, 0xEE, 0x15, 0xEE, 0x81, 0x01, 0x5E, 0x2E, 0x9B, 0x5C, 0xED, 
    0x65, 0x5C, 0x42, 0x74, 0xD7, 0x0D, 0xAF, 0x23, 0xAB, 0x34, 0x9F, 0x53
};
INCBIN_CONST INCBIN_ALIGN unsigned char *const gShpAPEnd = gShpAPData + sizeof(gShpAPData);
INCBIN_CONST unsigned int gShpAPSize = sizeof(gShpAPData);
/* INCBIN(CjrScriptsAP, "patches/cjr_scripts_ap.bps"); */
INCBIN_CONST INCBIN_ALIGN unsigned char gCjrScriptsAPData[] = {
    0x42, 0x50, 0x53, 0x31, 0x18, 0x2C, 0x84, 0x7F, 0x2D, 0x84, 0x80, 0x28, 
    0x65, 0x87, 0x01, 0x80, 0x25, 0x16, 0xDE, 0xF9, 0x5E, 0x40, 0x16, 0xD1, 
    0x14, 0x23, 0x03, 0x07, 0x16, 0x69, 0xE2, 0x6B, 0x8F, 0x01, 0x26, 0x01, 
    0x16, 0x7F, 0xA3, 0x9F, 0xAD, 0x16, 0x2C, 0x90, 0x7E, 0x0F, 0x01, 0x28, 
    0x01, 0x26, 0x46, 0x83, 0x16, 0x32, 0x83, 0x01, 0x80, 0x25, 0x16, 0xDE, 
    0xF9, 0x5E, 0x40, 0x16, 0xD1, 0x14, 0x23, 0x03, 0x07, 0x16, 0x45, 0x83, 
    0x65, 0x61, 0x01, 0x26, 0x01, 0x16, 0x7F, 0xA3, 0x9F, 0xAD, 0x16, 0x2C, 
    0x90, 0x7E, 0x0F, 0x01, 0x28, 0x01, 0x06, 0xEB, 0x80, 0x01, 0x80, 0x25, 
    0x16, 0xDE, 0xF9, 0x5E, 0x40, 0x16, 0xD1, 0x14, 0x23, 0x03, 0x07, 0x16, 
    0xD3, 0xB3, 0x62, 0x16, 0x01, 0x26, 0x01, 0x16, 0x7F, 0xA3, 0x9F, 0xAD, 
    0x16, 0x2C, 0x90, 0x7E, 0x0F, 0x01, 0x28, 0x01, 0x42, 0x80, 0x80, 0x01, 
    0x80, 0x25, 0x16, 0xDE, 0xF9, 0x5E, 0x40, 0x16, 0xD1, 0x14, 0x23, 0x03, 
    0x07, 0x16, 0xD3, 0xB3, 0x62, 0x16, 0x01, 0x26, 0x01, 0x16, 0x7F, 0xA3, 
    0x9F, 0xAD, 0x16, 0x2C, 0x90, 0x7E, 0x0F, 0x01, 0x28, 0x01, 0x42, 0x80, 
    0x80, 0x01, 0x80, 0x25, 0x16, 0xDE, 0xF9, 0x5E, 0x40, 0x16, 0xD1, 0x14, 
    0x23, 0x03, 0x07, 0x16, 0xD3, 0xB3, 0x62, 0x16, 0x01, 0x26, 0x01, 0x16, 
    0x7F, 0xA3, 0x9F, 0xAD, 0x16, 0x2C, 0x90, 0x7E, 0x0F, 0x01, 0x28, 0x01, 
    0x42, 0x80, 0x80, 0x01, 0x80, 0x25, 0x16, 0xDE, 0xF9, 0x5E, 0x40, 0x16, 
    0xD1, 0x14, 0x23, 0x03, 0x07, 0x16, 0xD3, 0xB3, 0x62, 0x16, 0x01, 0x26, 
    0x01, 0x16, 0x7F, 0xA3, 0x9F, 0xAD, 0x16, 0x2C, 0x90, 0x7E, 0x0F, 0x01, 
    0x28, 0x01, 0x42, 0x80, 0x80, 0x01, 0x80, 0x25, 0x16, 0xDE, 0xF9, 0x5E, 
    0x40, 0x16, 0xD1, 0x14, 0x23, 0x03, 0x07, 0x16, 0xD3, 0xB3, 0x62, 0x16, 
    0x01, 0x26, 0x01, 0x16, 0x7F, 0xA3, 0x9F, 0xAD, 0x16, 0x2C, 0x90, 0x7E, 
    0x0F, 0x01, 0x28, 0x01, 0x72, 0x13, 0x86, 0x80, 0xE6, 0x05, 0xCF, 0xD8, 
    0x4E, 0xA3, 0xA6, 0xB2, 0x49, 0x92, 0x68, 0xDA
};
INCBIN_CONST INCBIN_ALIGN unsigned char *const gCjrScriptsAPEnd = gCjrScriptsAPData + sizeof(gCjrScriptsAPData);
INCBIN_CONST unsigned int gCjrScriptsAPSize = sizeof(gCjrScriptsAPData);
/* INCBIN(AjcScriptsAP, "patches/ajc_scripts_ap.bps"); */
INCBIN_CONST INCBIN_ALIGN unsigned char gAjcScriptsAPData[] = {
    0x42, 0x50, 0x53, 0x31, 0x2A, 0x17, 0x82, 0x0D, 0x18, 0x82, 0x80, 0x54, 
    0x3F, 0x82, 0xF9, 0xDE, 0xF9, 0x5E, 0x40, 0x16, 0xD1, 0x14, 0x23, 0x03, 
    0x07, 0x16, 0x69, 0xE2, 0x6B, 0x8F, 0x01, 0x26, 0x01, 0x16, 0xBF, 0xCA, 
    0x57, 0xB5, 0x16, 0xEB, 0xC9, 0xCE, 0x32, 0x01, 0x28, 0x01, 0x56, 0x7A, 
    0x80, 0x28, 0x5F, 0x80, 0x01, 0x80, 0x25, 0x16, 0xDE, 0xF9, 0x5E, 0x40, 
    0x16, 0xD1, 0x14, 0x23, 0x03, 0x07, 0x16, 0xD3, 0xB3, 0x62, 0x16, 0x01, 
    0x26, 0x01, 0x16, 0x7F, 0xA3, 0x9F, 0xAD, 0x16, 0x4A, 0x64, 0x48, 0x61, 
    0x01, 0x28, 0x01, 0x7A, 0xE3, 0x80, 0xF9, 0xDE, 0xF9, 0x5E, 0x40, 0x16, 
    0xD1, 0x14, 0x23, 0x03, 0x07, 0x16, 0x45, 0x83, 0x65, 0x61, 0x01, 0x26, 
    0x01, 0x16, 0x7F, 0xA3, 0x9F, 0xAD, 0x16, 0x0F, 0x8D, 0x43, 0x98, 0x01, 
    0x28, 0x01, 0x0A, 0x3F, 0x85, 0x85, 0xF9, 0x61, 0x8A, 0x01, 0x1A, 0x6D, 
    0xDA, 0xE3, 0x58, 0x9E, 0x82, 0xDE
};
INCBIN_CONST INCBIN_ALIGN unsigned char *const gAjcScriptsAPEnd = gAjcScriptsAPData + sizeof(gAjcScriptsAPData);
INCBIN_CONST unsigned int gAjcScriptsAPSize = sizeof(gAjcScriptsAPData);
/* INCBIN(AlfScriptsAP, "patches/alf_scripts_ap.bps"); */
INCBIN_CONST INCBIN_ALIGN unsigned char gAlfScriptsAPData[] = {
    0x42, 0x50, 0x53, 0x31, 0x3F, 0x37, 0x85, 0x05, 0x39, 0x85, 0x80, 0x78, 
    0x30, 0x89, 0x01, 0x80, 0x25, 0x16, 0xDE, 0xF9, 0x5E, 0x40, 0x16, 0xD1, 
    0x14, 0x23, 0x03, 0x07, 0x16, 0x45, 0x83, 0x65, 0x61, 0x01, 0x26, 0x01, 
    0x16, 0x7F, 0xA3, 0x9F, 0xAD, 0x16, 0xC6, 0x69, 0xA6, 0xFB, 0x01, 0x28, 
    0x01, 0x52, 0x15, 0x80, 0x7E, 0x17, 0x84, 0x01, 0x80, 0x25, 0x16, 0xDE, 
    0xF9, 0x5E, 0x40, 0x16, 0xD1, 0x14, 0x23, 0x03, 0x07, 0x16, 0x69, 0xE2, 
    0x6B, 0x8F, 0x01, 0x26, 0x01, 0x16, 0x7F, 0xA3, 0x9F, 0xAD, 0x16, 0x72, 
    0x50, 0x5E, 0x08, 0x01, 0x28, 0x01, 0x56, 0x84, 0x80, 0xF9, 0xDE, 0xF9, 
    0x5E, 0x40, 0x16, 0xD1, 0x14, 0x23, 0x03, 0x07, 0x16, 0xD3, 0xB3, 0x62, 
    0x16, 0x01, 0x26, 0x01, 0x16, 0x7F, 0xA3, 0x9F, 0xAD, 0x16, 0x2C, 0x90, 
    0x7E, 0x0F, 0x01, 0x28, 0x01, 0x42, 0x84, 0x85, 0xF9, 0xDE, 0xF9, 0x5E, 
    0x40, 0x16, 0xD1, 0x14, 0x23, 0x03, 0x07, 0x16, 0xD3, 0xB3, 0x62, 0x16, 
    0x01, 0x26, 0x01, 0x16, 0x7F, 0xA3, 0x9F, 0xAD, 0x16, 0x2C, 0x90, 0x7E, 
    0x0F, 0x01, 0x28, 0x01, 0x42, 0x84, 0x85, 0xF9, 0xDE, 0xF9, 0x5E, 0x40, 
    0x16, 0xD1, 0x14, 0x23, 0x03, 0x07, 0x16, 0xD3, 0xB3, 0x62, 0x16, 0x01, 
    0x26, 0x01, 0x16, 0x7F, 0xA3, 0x9F, 0xAD, 0x16, 0x2C, 0x90, 0x7E, 0x0F, 
    0x01, 0x28, 0x01, 0x42, 0x84, 0x85, 0xF9, 0xDE, 0xF9, 0x5E, 0x40, 0x16, 
    0xD1, 0x14, 0x23, 0x03, 0x07, 0x16, 0xD3, 0xB3, 0x62, 0x16, 0x01, 0x26, 
    0x01, 0x16, 0x7F, 0xA3, 0x9F, 0xAD, 0x16, 0x2C, 0x90, 0x7E, 0x0F, 0x01, 
    0x28, 0x01, 0x26, 0x02, 0x8D, 0x85, 0x3D, 0xFB, 0x08, 0x84, 0x8C, 0x62, 
    0xA4, 0x17, 0xB7, 0xA6, 0xDD, 0xB6
};
INCBIN_CONST INCBIN_ALIGN unsigned char *const gAlfScriptsAPEnd = gAlfScriptsAPData + sizeof(gAlfScriptsAPData);
INCBIN_CONST unsigned int gAlfScriptsAPSize = sizeof(gAlfScriptsAPData);
/* INCBIN(CpfScriptsAP, "patches/cpf_scripts_ap.bps"); */
INCBIN_CONST INCBIN_ALIGN unsigned char gCpfScriptsAPData[] = {
    0x42, 0x50, 0x53, 0x31, 0x30, 0x71, 0x85, 0x7A, 0x73, 0x85, 0x80, 0x40, 
    0x1E, 0x87, 0x01, 0x80, 0x25, 0x16, 0xDE, 0xF9, 0x5E, 0x40, 0x16, 0xD1, 
    0x14, 0x23, 0x03, 0x07, 0x16, 0x45, 0x83, 0x65, 0x61, 0x01, 0x26, 0x01, 
    0x16, 0x7F, 0xA3, 0x9F, 0xAD, 0x16, 0x2C, 0x90, 0x7E, 0x0F, 0x01, 0x28, 
    0x01, 0x36, 0x01, 0x82, 0x62, 0x0E, 0x83, 0x01, 0x80, 0x25, 0x16, 0xDE, 
    0xF9, 0x5E, 0x40, 0x16, 0xD1, 0x14, 0x23, 0x03, 0x07, 0x16, 0xD3, 0xB3, 
    0x62, 0x16, 0x01, 0x26, 0x01, 0x16, 0x7F, 0xA3, 0x9F, 0xAD, 0x16, 0x2C, 
    0x90, 0x7E, 0x0F, 0x01, 0x28, 0x01, 0x6A, 0x56, 0x80, 0x80, 0x01, 0x80, 
    0x25, 0x16, 0xDE, 0xF9, 0x5E, 0x40, 0x16, 0xD1, 0x14, 0x23, 0x03, 0x07, 
    0x16, 0x45, 0x83, 0x65, 0x61, 0x01, 0x26, 0x01, 0x16, 0x7F, 0xA3, 0x9F, 
    0xAD, 0x16, 0x2C, 0x90, 0x7E, 0x0F, 0x01, 0x28, 0x01, 0x6A, 0xED, 0x80, 
    0x01, 0x80, 0x25, 0x16, 0xDE, 0xF9, 0x5E, 0x40, 0x16, 0xD1, 0x14, 0x23, 
    0x03, 0x07, 0x16, 0xD3, 0xB3, 0x62, 0x16, 0x01, 0x26, 0x01, 0x16, 0x7F, 
    0xA3, 0x9F, 0xAD, 0x16, 0x2C, 0x90, 0x7E, 0x0F, 0x01, 0x28, 0x01, 0x6E, 
    0x66, 0x82, 0x80, 0x01, 0x80, 0x25, 0x16, 0xDE, 0xF9, 0x5E, 0x40, 0x16, 
    0xD1, 0x14, 0x23, 0x03, 0x07, 0x16, 0x69, 0xE2, 0x6B, 0x8F, 0x01, 0x26, 
    0x01, 0x16, 0x7F, 0xA3, 0x9F, 0xAD, 0x16, 0x2C, 0x90, 0x7E, 0x0F, 0x01, 
    0x28, 0x01, 0x2A, 0x81, 0x80, 0x01, 0x80, 0x25, 0x16, 0xDE, 0xF9, 0x5E, 
    0x40, 0x16, 0xD1, 0x14, 0x23, 0x03, 0x07, 0x16, 0x69, 0xE2, 0x6B, 0x8F, 
    0x01, 0x26, 0x01, 0x16, 0x7F, 0xA3, 0x9F, 0xAD, 0x16, 0x2C, 0x90, 0x7E, 
    0x0F, 0x01, 0x28, 0x01, 0x2A, 0x81, 0x80, 0x01, 0x80, 0x25, 0x16, 0xDE, 
    0xF9, 0x5E, 0x40, 0x16, 0xD1, 0x14, 0x23, 0x03, 0x07, 0x16, 0x69, 0xE2, 
    0x6B, 0x8F, 0x01, 0x26, 0x01, 0x16, 0x7F, 0xA3, 0x9F, 0xAD, 0x16, 0x2C, 
    0x90, 0x7E, 0x0F, 0x01, 0x28, 0x01, 0x2A, 0x81, 0x80, 0x01, 0x80, 0x25, 
    0x16, 0xDE, 0xF9, 0x5E, 0x40, 0x16, 0xD1, 0x14, 0x23, 0x03, 0x07, 0x16, 
    0x69, 0xE2, 0x6B, 0x8F, 0x01, 0x26, 0x01, 0x16, 0x7F, 0xA3, 0x9F, 0xAD, 
    0x16, 0x2C, 0x90, 0x7E, 0x0F, 0x01, 0x28, 0x01, 0x2A, 0x81, 0x80, 0x01, 
    0x80, 0x25, 0x16, 0xDE, 0xF9, 0x5E, 0x40, 0x16, 0xD1, 0x14, 0x23, 0x03, 
    0x07, 0x16, 0x69, 0xE2, 0x6B, 0x8F, 0x01, 0x26, 0x01, 0x16, 0x7F, 0xA3, 
    0x9F, 0xAD, 0x16, 0x2C, 0x90, 0x7E, 0x0F, 0x01, 0x28, 0x01, 0x1E, 0x0B, 
    0x81, 0x80, 0xF9, 0xDE, 0xF9, 0x5E, 0x40, 0x16, 0xD1, 0x14, 0x23, 0x03, 
    0x07, 0x16, 0x69, 0xE2, 0x6B, 0x8F, 0x01, 0x26, 0x01, 0x16, 0x7F, 0xA3, 
    0x9F, 0xAD, 0x16, 0x2C, 0x90, 0x7E, 0x0F, 0x01, 0x28, 0x01, 0x32, 0x62, 
    0x86, 0x85, 0xE5, 0x85, 0x5E, 0xEE, 0x1B, 0x4D, 0x33, 0x75, 0xEB, 0x4F, 
    0x05, 0xA8
};
INCBIN_CONST INCBIN_ALIGN unsigned char *const gCpfScriptsAPEnd = gCpfScriptsAPData + sizeof(gCpfScriptsAPData);
INCBIN_CONST unsigned int gCpfScriptsAPSize = sizeof(gCpfScriptsAPData);
/* INCBIN(LaObjectivesAP, "patches/la_objectives_ap.bps"); */
INCBIN_CONST INCBIN_ALIGN unsigned char gLaObjectivesAPData[] = {
    0x42, 0x50, 0x53, 0x31, 0x7F, 0x36, 0x9A, 0x41, 0x37, 0x9A, 0x80, 0x50, 
    0x36, 0xC9, 0xF9, 0xDE, 0xF9, 0x5E, 0x40, 0x16, 0xD1, 0x14, 0x23, 0x03, 
    0x07, 0x16, 0x45, 0x83, 0x65, 0x61, 0x01, 0x26, 0x01, 0x16, 0x7F, 0xA3, 
    0x9F, 0xAD, 0x16, 0x2C, 0x90, 0x7E, 0x0F, 0x01, 0x28, 0x01, 0x02, 0x83, 
    0x66, 0x1A, 0xA4, 0xF9, 0xDE, 0xF9, 0x5E, 0x40, 0x16, 0xD1, 0x14, 0x23, 
    0x03, 0x07, 0x16, 0x45, 0x83, 0x65, 0x61, 0x01, 0x26, 0x01, 0x16, 0x7F, 
    0xA3, 0x9F, 0xAD, 0x16, 0x2C, 0x90, 0x7E, 0x0F, 0x01, 0x28, 0x01, 0x32, 
    0x23, 0xA2, 0x85, 0x77, 0x20, 0x85, 0xF5, 0x6E, 0x54, 0x73, 0x19, 0x1C, 
    0x07, 0x91, 0x6C
};
INCBIN_CONST INCBIN_ALIGN unsigned char *const gLaObjectivesAPEnd = gLaObjectivesAPData + sizeof(gLaObjectivesAPData);
INCBIN_CONST unsigned int gLaObjectivesAPSize = sizeof(gLaObjectivesAPData);
/* INCBIN(BdjScriptsAP, "patches/bdj_scripts_ap.bps"); */
INCBIN_CONST INCBIN_ALIGN unsigned char gBdjScriptsAPData[] = {
    0x42, 0x50, 0x53, 0x31, 0x02, 0x74, 0x85, 0x06, 0x75, 0x85, 0x80, 0x50, 
    0x76, 0x85, 0x01, 0x80, 0x25, 0x16, 0xDE, 0xF9, 0x5E, 0x40, 0x16, 0xD1, 
    0x14, 0x23, 0x03, 0x07, 0x16, 0xD3, 0xB3, 0x62, 0x16, 0x01, 0x26, 0x01, 
    0x16, 0x7F, 0xA3, 0x9F, 0xAD, 0x16, 0x2C, 0x90, 0x7E, 0x0F, 0x01, 0x28, 
    0x01, 0x3A, 0x80, 0x6A, 0x3A, 0x82, 0x01, 0x80, 0x25, 0x16, 0xDE, 0xF9, 
    0x5E, 0x40, 0x16, 0xD1, 0x14, 0x23, 0x03, 0x07, 0x16, 0xD3, 0xB3, 0x62, 
    0x16, 0x01, 0x26, 0x01, 0x16, 0x7F, 0xA3, 0x9F, 0xAD, 0x16, 0x2C, 0x90, 
    0x7E, 0x0F, 0x01, 0x28, 0x01, 0x36, 0x3C, 0x87, 0x80, 0x01, 0x80, 0x25, 
    0x16, 0xDE, 0xF9, 0x5E, 0x40, 0x16, 0xD1, 0x14, 0x23, 0x03, 0x07, 0x16, 
    0x69, 0xE2, 0x6B, 0x8F, 0x01, 0x26, 0x01, 0x16, 0x7F, 0xA3, 0x9F, 0xAD, 
    0x16, 0x2C, 0x90, 0x7E, 0x0F, 0x01, 0x28, 0x01, 0x02, 0x07, 0x80, 0x80, 
    0x01, 0x80, 0x25, 0x16, 0xDE, 0xF9, 0x5E, 0x40, 0x16, 0xD1, 0x14, 0x23, 
    0x03, 0x07, 0x16, 0x45, 0x83, 0x65, 0x61, 0x01, 0x26, 0x01, 0x16, 0x7F, 
    0xA3, 0x9F, 0xAD, 0x16, 0x85, 0xC4, 0x5B, 0x7D, 0x01, 0x28, 0x01, 0x3A, 
    0x14, 0x8A, 0x80, 0xCB, 0xB9, 0x82, 0xE7, 0x17, 0x48, 0xEE, 0xA6, 0xB6, 
    0xA0, 0x07, 0xC1
};
INCBIN_CONST INCBIN_ALIGN unsigned char *const gBdjScriptsAPEnd = gBdjScriptsAPData + sizeof(gBdjScriptsAPData);
INCBIN_CONST unsigned int gBdjScriptsAPSize = sizeof(gBdjScriptsAPData);

#ifdef __cplusplus
}
#endif
